Date,Open,High,Low,Close,Volume
31-May-17,1862.38,1877.09,1850.00,1877.09,559726
30-May-17,1857.67,1863.65,1845.60,1857.45,484059
26-May-17,1861.55,1869.48,1852.64,1863.90,419645
25-May-17,1850.00,1870.39,1848.40,1860.43,532733
24-May-17,1829.13,1850.00,1829.13,1848.74,408929
23-May-17,1825.44,1832.98,1814.50,1827.94,346402
22-May-17,1815.90,1832.46,1813.37,1828.42,367475
19-May-17,1800.00,1822.22,1799.67,1808.28,457743
18-May-17,1795.00,1814.17,1791.40,1796.03,502975
17-May-17,1818.44,1820.46,1793.60,1795.69,621996
16-May-17,1819.83,1835.22,1817.56,1829.80,487203
15-May-17,1817.97,1827.27,1811.00,1813.81,521947
12-May-17,1824.33,1827.56,1814.00,1818.18,638719
11-May-17,1819.75,1824.76,1800.71,1813.56,775308
10-May-17,1853.78,1853.78,1801.00,1824.77,1761068
9-May-17,1911.44,1915.97,1898.04,1911.13,771471
8-May-17,1907.00,1927.13,1896.00,1903.91,585033
5-May-17,1918.00,1922.26,1897.38,1903.65,580275
4-May-17,1880.00,1917.90,1870.58,1910.41,675793
3-May-17,1884.65,1884.99,1865.47,1876.79,301111
2-May-17,1874.38,1882.96,1862.45,1880.52,260221
1-May-17,1849.90,1890.83,1849.90,1869.92,481924
28-Apr-17,1851.49,1858.61,1838.48,1846.82,477366
27-Apr-17,1807.00,1839.56,1800.28,1835.87,436093
26-Apr-17,1799.20,1806.05,1793.20,1804.12,321654
25-Apr-17,1807.78,1807.78,1795.31,1799.09,356429
24-Apr-17,1778.46,1805.78,1773.90,1798.62,852348
21-Apr-17,1759.90,1765.97,1746.37,1752.01,459493
20-Apr-17,1764.27,1771.86,1760.24,1760.80,346550
19-Apr-17,1766.90,1771.24,1757.41,1763.20,291148
18-Apr-17,1768.59,1770.99,1755.39,1763.31,287207
17-Apr-17,1743.00,1772.85,1739.70,1770.61,425663
13-Apr-17,1754.63,1757.18,1738.34,1738.77,418307
12-Apr-17,1774.58,1774.90,1750.01,1750.01,426815
11-Apr-17,1770.01,1780.55,1756.60,1768.40,353316
10-Apr-17,1770.00,1782.12,1767.20,1775.97,262001
7-Apr-17,1773.94,1773.99,1761.26,1769.56,289700
6-Apr-17,1764.75,1774.94,1755.37,1773.52,327409
5-Apr-17,1770.66,1787.57,1758.75,1761.77,324137
4-Apr-17,1772.99,1774.50,1761.41,1767.38,258457
3-Apr-17,1776.26,1785.00,1766.01,1773.99,360029
31-Mar-17,1784.74,1790.78,1778.78,1779.97,420527
30-Mar-17,1788.48,1795.56,1779.64,1789.20,278237
29-Mar-17,1789.83,1797.46,1783.30,1785.05,288372
28-Mar-17,1767.65,1798.75,1766.51,1788.45,454890
27-Mar-17,1736.00,1774.34,1733.00,1772.00,400413
24-Mar-17,1753.60,1757.49,1748.19,1753.11,300374
23-Mar-17,1752.95,1758.80,1747.67,1748.33,220854
22-Mar-17,1747.14,1754.90,1739.00,1751.99,278518
21-Mar-17,1772.00,1772.00,1744.08,1747.14,432755
20-Mar-17,1773.50,1776.69,1762.57,1765.44,262391
17-Mar-17,1774.73,1774.73,1766.78,1772.63,414638
16-Mar-17,1771.00,1775.00,1768.94,1773.98,302241
15-Mar-17,1772.78,1773.38,1759.78,1767.98,353244
14-Mar-17,1767.93,1769.86,1756.24,1769.00,321166
13-Mar-17,1757.00,1772.49,1754.94,1767.12,327936
10-Mar-17,1757.14,1759.17,1750.81,1754.24,330910
9-Mar-17,1738.15,1756.32,1738.15,1749.42,419507
8-Mar-17,1735.20,1749.64,1731.67,1743.49,421157
7-Mar-17,1720.00,1737.62,1720.00,1736.46,282612
6-Mar-17,1730.00,1736.85,1727.00,1730.21,354605
3-Mar-17,1731.00,1742.00,1729.41,1735.10,292797
2-Mar-17,1737.52,1747.26,1730.80,1734.37,503317
1-Mar-17,1741.00,1742.02,1726.23,1733.18,623667
28-Feb-17,1703.89,1748.39,1698.10,1724.13,1739807
27-Feb-17,1631.11,1635.32,1612.41,1632.01,812957
24-Feb-17,1627.55,1640.68,1622.02,1631.62,562914
23-Feb-17,1661.90,1664.99,1633.40,1637.26,412834
22-Feb-17,1641.52,1653.46,1639.00,1651.74,278868
21-Feb-17,1642.98,1657.24,1637.42,1647.00,460327
17-Feb-17,1648.78,1648.78,1634.06,1637.40,413956
16-Feb-17,1647.45,1658.97,1642.50,1648.88,301723
15-Feb-17,1631.30,1651.27,1628.00,1648.96,281001
14-Feb-17,1646.18,1646.31,1630.34,1637.29,391013
13-Feb-17,1652.00,1652.00,1640.00,1646.18,414147
10-Feb-17,1617.47,1649.65,1614.02,1646.51,843784
9-Feb-17,1602.84,1616.08,1598.05,1611.83,414258
8-Feb-17,1595.18,1604.30,1589.00,1601.19,373637
7-Feb-17,1590.00,1598.93,1588.00,1598.70,295491
6-Feb-17,1581.34,1588.87,1571.32,1587.18,210247
3-Feb-17,1576.49,1587.99,1572.81,1583.38,318032
2-Feb-17,1570.03,1585.45,1567.00,1574.09,444754
1-Feb-17,1584.09,1586.59,1562.86,1575.31,330688
31-Jan-17,1599.00,1599.41,1569.03,1575.13,517992
30-Jan-17,1598.65,1603.58,1571.00,1602.31,469914
27-Jan-17,1581.00,1605.47,1577.67,1602.92,428544
26-Jan-17,1576.56,1587.51,1575.45,1581.44,294924
25-Jan-17,1569.00,1581.47,1565.26,1578.82,308820
24-Jan-17,1558.38,1566.06,1552.13,1563.33,360258
23-Jan-17,1541.47,1555.73,1534.63,1554.99,430332
20-Jan-17,1547.56,1547.56,1528.01,1545.01,596473
19-Jan-17,1541.40,1549.00,1532.72,1539.02,279178
18-Jan-17,1545.22,1547.25,1529.21,1541.86,246014
17-Jan-17,1544.00,1546.99,1534.01,1540.13,330472
13-Jan-17,1535.75,1548.94,1531.26,1545.82,327038
12-Jan-17,1531.56,1539.93,1516.00,1538.59,314981
11-Jan-17,1532.21,1546.67,1527.02,1536.11,405273
10-Jan-17,1534.96,1544.56,1529.50,1535.25,325352
9-Jan-17,1518.00,1538.77,1518.00,1529.64,397497
6-Jan-17,1501.54,1526.47,1501.21,1520.57,473400
5-Jan-17,1489.89,1504.94,1489.89,1503.70,447540
4-Jan-17,1484.64,1493.65,1480.75,1487.29,388519
3-Jan-17,1476.91,1487.36,1459.49,1477.57,458853
30-Dec-16,1483.49,1483.49,1462.34,1466.06,407379
29-Dec-16,1477.21,1487.43,1473.35,1480.16,200861
28-Dec-16,1494.73,1496.05,1476.48,1480.46,248715
27-Dec-16,1490.01,1503.39,1486.43,1493.42,193927
23-Dec-16,1477.54,1490.08,1470.34,1486.20,275867
22-Dec-16,1501.40,1503.18,1475.42,1481.34,406420
21-Dec-16,1498.11,1512.71,1495.00,1505.76,291489
20-Dec-16,1488.06,1503.96,1483.98,1502.25,306567
19-Dec-16,1484.27,1501.47,1477.99,1488.83,390571
16-Dec-16,1507.50,1507.97,1473.13,1484.28,714549
15-Dec-16,1520.00,1523.00,1500.57,1501.20,584618
14-Dec-16,1542.74,1549.13,1525.72,1528.45,307587
13-Dec-16,1545.19,1560.00,1538.26,1540.11,387983
12-Dec-16,1560.55,1566.63,1528.57,1536.78,396630
9-Dec-16,1555.50,1559.18,1549.94,1557.98,333919
8-Dec-16,1535.36,1551.77,1522.76,1548.67,506505
7-Dec-16,1504.69,1527.80,1501.87,1527.04,389907
6-Dec-16,1506.96,1508.09,1493.99,1504.82,255320
5-Dec-16,1476.19,1502.87,1475.22,1499.76,350058
2-Dec-16,1481.48,1488.80,1466.98,1473.00,336892
1-Dec-16,1501.69,1504.12,1468.97,1479.66,572693
30-Nov-16,1523.25,1528.58,1500.21,1503.68,375620
29-Nov-16,1528.65,1532.90,1515.00,1520.27,327065
28-Nov-16,1517.30,1536.00,1513.11,1525.07,348940
25-Nov-16,1523.12,1527.99,1511.40,1521.68,174009
23-Nov-16,1530.92,1533.56,1510.89,1520.99,319016
22-Nov-16,1530.25,1535.90,1525.64,1535.42,320070
21-Nov-16,1512.00,1531.02,1507.20,1524.18,296359
18-Nov-16,1512.28,1529.00,1504.53,1507.35,426312
17-Nov-16,1502.54,1530.95,1500.19,1512.90,413476
16-Nov-16,1492.39,1517.00,1488.23,1503.23,366913
15-Nov-16,1499.97,1507.76,1485.60,1497.45,669081
14-Nov-16,1540.46,1541.92,1482.23,1489.18,801850
11-Nov-16,1548.10,1557.70,1530.87,1540.65,643516
10-Nov-16,1584.44,1600.93,1520.30,1554.32,1102306
9-Nov-16,1565.00,1575.00,1546.58,1570.26,912686
8-Nov-16,1540.00,1589.20,1540.00,1578.13,1560975
7-Nov-16,1437.45,1485.20,1435.79,1480.33,1395456
4-Nov-16,1429.05,1442.14,1422.19,1424.28,435291
3-Nov-16,1449.35,1456.52,1435.41,1438.10,367738
2-Nov-16,1468.48,1469.55,1441.79,1445.33,540224
1-Nov-16,1474.23,1480.01,1453.93,1467.00,562866
31-Oct-16,1478.30,1479.61,1472.28,1474.23,284405
28-Oct-16,1465.08,1483.00,1460.00,1474.82,600851
27-Oct-16,1475.10,1480.00,1461.08,1463.02,358829
26-Oct-16,1475.00,1477.55,1465.48,1469.16,416808
25-Oct-16,1466.24,1481.85,1465.87,1479.03,365694
24-Oct-16,1470.45,1479.83,1465.48,1471.80,274599
21-Oct-16,1460.77,1468.00,1455.50,1467.39,379658
20-Oct-16,1473.93,1473.99,1461.01,1468.29,300405
19-Oct-16,1457.35,1474.70,1455.21,1469.20,344781
18-Oct-16,1450.63,1459.90,1446.51,1454.97,326060
17-Oct-16,1436.63,1443.36,1429.60,1437.65,263753
14-Oct-16,1450.00,1456.35,1435.05,1439.57,329273
13-Oct-16,1445.80,1449.16,1429.58,1442.52,483908
12-Oct-16,1458.00,1469.30,1452.81,1454.84,288733
11-Oct-16,1470.00,1475.52,1455.01,1459.02,418446
10-Oct-16,1481.00,1486.59,1470.24,1475.18,441838
7-Oct-16,1498.74,1498.74,1478.01,1479.82,414723
6-Oct-16,1492.73,1497.26,1485.28,1490.44,362074
5-Oct-16,1493.56,1501.79,1490.00,1497.58,399188
4-Oct-16,1494.35,1498.83,1483.02,1489.02,386451
3-Oct-16,1463.83,1490.43,1459.42,1486.72,514271
30-Sep-16,1478.07,1480.69,1463.92,1471.49,436543
29-Sep-16,1459.01,1481.78,1455.31,1472.98,652881
28-Sep-16,1459.48,1461.56,1449.25,1458.03,394664
27-Sep-16,1446.65,1460.52,1441.22,1453.49,471871
26-Sep-16,1452.62,1453.77,1440.23,1447.15,327638
23-Sep-16,1465.00,1465.00,1452.41,1456.76,321210
22-Sep-16,1464.85,1469.93,1458.00,1465.87,337806
21-Sep-16,1452.64,1464.68,1442.51,1464.00,412516
20-Sep-16,1457.89,1459.53,1440.00,1449.00,289731
19-Sep-16,1469.00,1473.17,1446.55,1448.06,503035
16-Sep-16,1453.31,1462.91,1442.22,1460.05,740407
15-Sep-16,1431.98,1458.91,1426.16,1457.22,733999
14-Sep-16,1418.70,1431.20,1416.01,1429.38,394022
13-Sep-16,1426.00,1439.99,1405.53,1415.95,524339
12-Sep-16,1402.67,1443.13,1402.67,1436.21,504645
9-Sep-16,1432.66,1443.00,1413.23,1413.90,496124
8-Sep-16,1443.33,1454.11,1441.93,1445.83,350790
7-Sep-16,1434.75,1447.32,1429.83,1444.01,302258
6-Sep-16,1421.92,1436.96,1416.25,1436.96,387261
2-Sep-16,1427.00,1429.98,1415.76,1422.85,264067
1-Sep-16,1422.50,1424.37,1408.53,1418.59,307241
31-Aug-16,1414.15,1418.41,1408.00,1416.73,167289
30-Aug-16,1422.69,1430.51,1412.00,1416.55,199040
29-Aug-16,1423.00,1433.97,1419.76,1425.19,316637
26-Aug-16,1415.55,1429.69,1410.50,1419.79,412011
25-Aug-16,1404.13,1418.60,1404.13,1415.55,309617
24-Aug-16,1419.21,1429.53,1404.01,1410.18,369254
23-Aug-16,1425.32,1433.00,1419.50,1422.47,306488
22-Aug-16,1434.44,1434.45,1421.00,1423.99,405731
19-Aug-16,1438.00,1443.07,1428.08,1432.00,476843
18-Aug-16,1440.00,1449.90,1437.50,1443.07,523477
17-Aug-16,1408.66,1429.27,1404.03,1427.20,479748
16-Aug-16,1397.95,1410.37,1392.44,1408.66,365673
15-Aug-16,1408.00,1412.10,1396.75,1399.16,429164
12-Aug-16,1400.95,1408.34,1400.95,1407.98,282017
11-Aug-16,1408.75,1416.43,1405.37,1406.92,301355
10-Aug-16,1411.00,1412.00,1401.05,1406.28,268372
9-Aug-16,1404.51,1409.40,1398.25,1407.01,428147
8-Aug-16,1415.54,1418.58,1402.02,1405.00,637030
5-Aug-16,1435.00,1435.00,1406.99,1414.22,1456551
4-Aug-16,1358.40,1363.68,1344.32,1359.99,1321562
3-Aug-16,1341.60,1376.68,1336.03,1371.14,861817
2-Aug-16,1353.31,1363.00,1325.72,1345.38,597354
1-Aug-16,1353.73,1363.59,1342.40,1356.08,547920
29-Jul-16,1314.99,1353.99,1313.42,1350.81,1413587
28-Jul-16,1310.00,1329.87,1310.00,1326.10,500475
27-Jul-16,1319.40,1340.00,1315.46,1324.48,482154
26-Jul-16,1322.75,1331.32,1316.03,1324.53,456085
25-Jul-16,1330.45,1330.72,1305.09,1321.67,592944
22-Jul-16,1336.23,1336.70,1323.07,1327.40,405747
21-Jul-16,1349.01,1350.80,1325.82,1332.50,523119
20-Jul-16,1330.11,1362.99,1323.68,1352.83,650081
19-Jul-16,1332.00,1338.59,1325.00,1327.00,381864
18-Jul-16,1332.50,1349.43,1328.10,1341.36,300251
15-Jul-16,1327.89,1334.00,1322.59,1330.57,562035
14-Jul-16,1345.26,1351.00,1340.24,1346.18,290939
13-Jul-16,1342.38,1359.71,1337.89,1338.65,351473
12-Jul-16,1362.00,1366.99,1334.01,1345.43,489838
11-Jul-16,1342.90,1360.99,1341.49,1351.03,648173
8-Jul-16,1306.94,1330.62,1304.22,1329.46,713010
7-Jul-16,1289.64,1305.94,1289.64,1297.26,495034
6-Jul-16,1269.86,1294.43,1260.00,1292.04,562266
5-Jul-16,1259.56,1275.05,1246.21,1275.03,568815
1-Jul-16,1249.01,1275.70,1245.51,1267.37,644221
30-Jun-16,1271.25,1275.57,1240.01,1248.41,921489
29-Jun-16,1220.00,1248.96,1216.00,1239.41,778492
28-Jun-16,1217.98,1235.70,1188.85,1204.25,1205971
27-Jun-16,1220.12,1233.91,1148.06,1186.05,1760037
24-Jun-16,1293.78,1313.77,1217.33,1232.14,3179187
23-Jun-16,1374.00,1394.00,1371.00,1390.20,679196
22-Jun-16,1373.25,1374.50,1352.33,1360.10,685491
21-Jun-16,1344.35,1351.00,1329.29,1343.05,453436
20-Jun-16,1323.64,1359.90,1322.30,1341.96,723182
17-Jun-16,1324.20,1324.20,1304.01,1309.24,536430
16-Jun-16,1304.00,1335.00,1303.39,1323.89,629057
15-Jun-16,1306.10,1319.00,1302.27,1305.42,490888
14-Jun-16,1310.91,1321.00,1291.02,1304.10,527348
13-Jun-16,1313.50,1337.96,1312.69,1315.47,415529
10-Jun-16,1327.61,1331.36,1315.40,1318.90,479558
9-Jun-16,1347.02,1351.31,1336.31,1340.07,450659
8-Jun-16,1360.00,1368.90,1352.01,1354.83,495123
7-Jun-16,1348.01,1373.98,1345.01,1360.00,865528
6-Jun-16,1302.52,1351.74,1299.08,1349.10,842668
3-Jun-16,1280.79,1303.77,1276.05,1301.71,596705
2-Jun-16,1279.40,1290.35,1272.17,1290.00,447371
1-Jun-16,1259.06,1282.57,1249.51,1278.00,755661
31-May-16,1278.45,1286.35,1255.00,1264.33,784182
27-May-16,1267.02,1273.60,1262.50,1273.00,305742
26-May-16,1270.93,1280.00,1261.57,1269.02,268806
25-May-16,1258.51,1277.23,1251.00,1270.18,344805
24-May-16,1237.86,1262.66,1236.95,1256.63,391922
23-May-16,1246.35,1253.92,1234.72,1237.49,399740
20-May-16,1254.21,1258.83,1245.68,1249.29,443969
19-May-16,1250.78,1258.90,1233.89,1250.31,548816
18-May-16,1271.21,1288.00,1255.38,1267.27,378451
17-May-16,1284.89,1295.95,1274.16,1278.02,456647
16-May-16,1281.95,1289.45,1269.06,1283.47,432438
13-May-16,1274.00,1289.00,1271.01,1278.64,480504
12-May-16,1273.49,1290.20,1270.22,1282.25,670995
11-May-16,1266.68,1274.14,1260.00,1267.31,496032
10-May-16,1252.75,1274.55,1250.51,1268.27,539846
9-May-16,1250.10,1253.00,1231.12,1244.92,425366
6-May-16,1231.01,1253.00,1231.01,1250.10,571341
5-May-16,1253.88,1263.92,1239.02,1240.85,816856
4-May-16,1258.00,1266.00,1205.25,1253.04,2856782
3-May-16,1346.22,1358.54,1335.08,1354.64,856243
2-May-16,1349.00,1358.78,1325.00,1356.69,508104
29-Apr-16,1332.41,1368.46,1332.41,1343.66,1016371
28-Apr-16,1330.00,1355.91,1310.14,1317.59,732906
27-Apr-16,1331.75,1357.00,1327.00,1353.74,395476
26-Apr-16,1334.00,1336.83,1321.49,1333.95,320022
25-Apr-16,1332.00,1341.00,1323.45,1335.27,393353
22-Apr-16,1331.00,1349.57,1331.00,1338.50,525742
21-Apr-16,1343.31,1357.43,1337.00,1340.00,268471
20-Apr-16,1346.60,1364.33,1338.33,1350.00,416364
19-Apr-16,1359.88,1360.00,1333.29,1345.78,434654
18-Apr-16,1328.89,1369.03,1328.89,1353.37,625523
15-Apr-16,1333.67,1335.11,1320.76,1331.90,472963
14-Apr-16,1323.00,1340.00,1319.00,1336.39,519798
13-Apr-16,1310.35,1329.94,1300.50,1317.76,605338
12-Apr-16,1268.55,1304.58,1255.11,1300.28,449445
11-Apr-16,1281.95,1288.39,1263.20,1264.63,293827
8-Apr-16,1282.78,1283.55,1271.31,1274.15,300425
7-Apr-16,1291.47,1292.33,1271.45,1276.50,385862
6-Apr-16,1280.22,1294.88,1273.21,1293.01,280431
5-Apr-16,1270.00,1287.86,1265.56,1279.08,365547
4-Apr-16,1297.55,1298.20,1276.29,1281.76,356770
1-Apr-16,1278.00,1301.72,1273.00,1299.70,567344
31-Mar-16,1312.31,1314.99,1288.33,1288.96,488180
30-Mar-16,1316.90,1323.08,1311.04,1317.03,376446
29-Mar-16,1281.20,1313.90,1281.20,1307.89,347604
28-Mar-16,1301.35,1304.71,1271.01,1287.03,453773
24-Mar-16,1300.00,1304.44,1291.63,1301.19,372303
23-Mar-16,1322.91,1323.84,1300.00,1306.11,446052
22-Mar-16,1311.00,1328.14,1306.00,1319.41,840121
21-Mar-16,1340.95,1351.00,1333.36,1350.51,256158
18-Mar-16,1353.00,1361.63,1338.30,1344.22,472695
17-Mar-16,1341.70,1356.33,1337.11,1346.86,389444
16-Mar-16,1328.20,1357.90,1325.00,1350.99,534702
15-Mar-16,1315.15,1339.00,1315.15,1332.13,383006
14-Mar-16,1320.22,1341.30,1317.59,1325.73,490226
11-Mar-16,1307.40,1328.10,1300.60,1326.87,648062
10-Mar-16,1295.81,1306.00,1274.50,1293.77,431122
9-Mar-16,1280.00,1291.90,1263.42,1291.89,442978
8-Mar-16,1284.00,1298.94,1280.59,1282.77,418433
7-Mar-16,1281.40,1296.29,1281.40,1291.43,504466
4-Mar-16,1306.53,1308.96,1286.06,1297.71,601158
3-Mar-16,1296.68,1305.84,1288.65,1303.04,446807
2-Mar-16,1297.36,1301.63,1281.55,1301.37,469266
1-Mar-16,1283.59,1296.57,1277.96,1295.92,570593
29-Feb-16,1250.30,1282.64,1248.49,1265.21,713744
26-Feb-16,1268.75,1273.34,1244.40,1254.27,614521
25-Feb-16,1263.25,1271.98,1247.04,1263.41,727903
24-Feb-16,1248.10,1264.85,1222.71,1264.21,774205
23-Feb-16,1278.30,1288.40,1258.71,1261.89,616673
22-Feb-16,1286.56,1291.44,1268.00,1288.42,827077
19-Feb-16,1238.28,1284.99,1236.53,1283.74,1048076
18-Feb-16,1245.00,1257.23,1236.38,1251.95,1056153
17-Feb-16,1245.00,1246.61,1220.15,1235.56,2367894
16-Feb-16,1075.89,1115.84,1072.27,1110.68,1114480
12-Feb-16,1066.88,1078.89,1050.56,1058.01,808425
11-Feb-16,1054.00,1063.63,1028.53,1055.24,1033811
10-Feb-16,1004.92,1048.00,1002.30,1032.77,955235
9-Feb-16,958.43,1003.74,954.02,991.29,1040334
8-Feb-16,996.49,1000.00,954.83,973.80,1192979
5-Feb-16,1063.10,1064.05,1010.69,1015.55,1032111
4-Feb-16,1044.79,1073.64,1023.25,1069.10,761687
3-Feb-16,1070.25,1072.34,1020.43,1049.16,793492
2-Feb-16,1070.00,1084.15,1056.54,1066.79,679335
1-Feb-16,1063.00,1094.79,1056.25,1084.87,611659
29-Jan-16,1045.40,1074.66,1030.27,1064.97,871609
28-Jan-16,1058.79,1059.72,1015.15,1043.13,1127724
27-Jan-16,1079.58,1093.13,1038.14,1043.70,1170629
26-Jan-16,1097.11,1124.70,1070.10,1111.54,743870
25-Jan-16,1117.41,1126.56,1097.88,1097.93,426668
22-Jan-16,1111.83,1126.57,1104.14,1118.11,735696
21-Jan-16,1084.36,1111.00,1067.06,1089.14,541910
20-Jan-16,1075.00,1098.62,1039.26,1081.33,1062528
19-Jan-16,1099.42,1117.00,1078.42,1094.50,677152
15-Jan-16,1076.00,1110.83,1075.15,1086.74,1074707
14-Jan-16,1098.21,1136.71,1065.00,1121.38,1158043
13-Jan-16,1155.99,1156.98,1076.35,1098.90,1130658
12-Jan-16,1141.83,1160.50,1133.08,1148.92,798363
11-Jan-16,1136.00,1147.98,1120.01,1136.28,635296
8-Jan-16,1172.51,1182.41,1135.00,1136.96,1023037
7-Jan-16,1171.97,1194.49,1154.28,1167.19,1092082
6-Jan-16,1186.00,1212.28,1185.00,1196.71,561265
5-Jan-16,1236.28,1247.47,1201.08,1210.69,895344
4-Jan-16,1256.00,1258.85,1228.00,1245.37,765834
31-Dec-15,1285.58,1287.90,1271.51,1274.95,337743
30-Dec-15,1299.00,1301.67,1288.07,1289.16,273057
29-Dec-15,1278.00,1304.00,1277.01,1302.40,404797
28-Dec-15,1266.99,1274.74,1253.20,1272.96,266442
24-Dec-15,1278.50,1280.52,1272.01,1273.07,159323
23-Dec-15,1284.00,1284.95,1267.22,1279.05,268699
22-Dec-15,1282.90,1282.90,1266.09,1277.49,303321
21-Dec-15,1292.88,1299.56,1264.13,1275.71,464461
18-Dec-15,1306.12,1312.97,1283.74,1285.67,882232
17-Dec-15,1341.99,1341.99,1312.69,1313.74,504918
16-Dec-15,1332.79,1337.29,1315.00,1332.31,413345
15-Dec-15,1303.65,1331.18,1301.92,1323.73,709201
14-Dec-15,1288.64,1301.89,1276.06,1297.88,368162
11-Dec-15,1290.53,1299.74,1282.19,1285.33,535879
10-Dec-15,1300.00,1307.28,1286.69,1306.50,461775
9-Dec-15,1301.49,1314.96,1285.09,1294.99,384325
8-Dec-15,1287.85,1309.93,1281.17,1303.97,339080
7-Dec-15,1300.31,1309.79,1293.08,1302.42,409781
4-Dec-15,1283.88,1302.87,1283.88,1300.48,556281
3-Dec-15,1284.19,1295.42,1271.17,1280.08,666714
2-Dec-15,1286.74,1297.20,1272.12,1275.44,426039
1-Dec-15,1258.80,1285.55,1255.50,1282.50,682139
30-Nov-15,1246.41,1266.69,1244.18,1248.85,524499
27-Nov-15,1248.81,1250.56,1235.62,1244.99,278974
25-Nov-15,1245.00,1256.00,1242.90,1245.75,420986
24-Nov-15,1244.30,1246.56,1212.00,1240.18,1390289
23-Nov-15,1285.00,1292.76,1256.00,1264.32,486070
20-Nov-15,1294.42,1296.00,1270.00,1281.53,626632
19-Nov-15,1286.83,1299.78,1282.12,1284.65,555211
18-Nov-15,1267.10,1287.36,1252.01,1278.50,802377
17-Nov-15,1274.01,1280.00,1250.00,1258.79,896671
16-Nov-15,1278.14,1279.99,1230.21,1266.87,1705672
13-Nov-15,1311.00,1319.30,1294.64,1297.75,773981
12-Nov-15,1321.00,1336.26,1312.99,1314.01,557845
11-Nov-15,1325.55,1335.00,1315.51,1329.58,597631
10-Nov-15,1302.06,1327.84,1302.06,1323.54,926502
9-Nov-15,1362.30,1386.98,1303.44,1311.15,2649475
6-Nov-15,1451.40,1459.64,1430.00,1449.90,1173540
5-Nov-15,1475.00,1476.52,1451.67,1462.64,548465
4-Nov-15,1465.95,1473.99,1462.75,1469.56,505109
3-Nov-15,1461.55,1473.04,1455.19,1464.90,414654
2-Nov-15,1462.03,1470.00,1454.57,1467.19,496579
30-Oct-15,1445.00,1466.08,1436.05,1454.24,991152
29-Oct-15,1410.00,1428.42,1402.68,1425.65,513063
28-Oct-15,1412.00,1412.00,1393.97,1404.52,533244
27-Oct-15,1412.36,1424.65,1396.37,1403.28,474827
26-Oct-15,1375.00,1429.86,1374.49,1416.32,863773
23-Oct-15,1374.00,1374.00,1357.30,1366.49,629624
22-Oct-15,1371.55,1382.00,1351.20,1354.47,676002
21-Oct-15,1378.69,1393.63,1360.18,1364.29,481634
20-Oct-15,1371.83,1382.50,1364.08,1372.51,471099
19-Oct-15,1334.19,1379.58,1329.60,1376.13,700397
16-Oct-15,1334.41,1342.13,1326.01,1336.57,527834
15-Oct-15,1319.61,1333.24,1304.97,1327.29,599733
14-Oct-15,1349.97,1350.00,1308.54,1311.08,896075
13-Oct-15,1340.00,1352.95,1333.84,1345.00,463099
12-Oct-15,1318.00,1352.50,1315.59,1347.19,600943
9-Oct-15,1305.99,1316.60,1296.80,1313.29,419336
8-Oct-15,1287.10,1311.43,1281.14,1304.32,432401
7-Oct-15,1285.06,1294.18,1271.01,1291.58,484942
6-Oct-15,1271.01,1286.21,1264.52,1275.45,401748
5-Oct-15,1274.10,1287.54,1271.54,1274.86,570539
2-Oct-15,1229.43,1266.69,1223.23,1265.68,748878
1-Oct-15,1235.53,1251.28,1220.00,1247.08,817462
30-Sep-15,1217.48,1238.60,1211.88,1236.86,794511
29-Sep-15,1198.01,1214.22,1185.01,1200.32,586773
28-Sep-15,1242.34,1244.93,1192.22,1199.14,1146283
25-Sep-15,1298.49,1298.49,1252.00,1252.76,736172
24-Sep-15,1266.75,1284.12,1256.16,1281.13,594974
23-Sep-15,1288.26,1297.00,1270.01,1275.99,394739
22-Sep-15,1289.02,1298.00,1278.33,1288.95,515130
21-Sep-15,1300.48,1311.69,1295.01,1307.48,581307
18-Sep-15,1301.73,1312.49,1292.70,1294.47,1205511
17-Sep-15,1321.95,1338.51,1313.83,1318.00,473925
16-Sep-15,1321.90,1327.96,1312.76,1320.48,478350
15-Sep-15,1292.84,1321.32,1280.89,1318.80,721039
14-Sep-15,1291.99,1292.42,1276.13,1286.83,411556
11-Sep-15,1280.10,1290.64,1278.72,1290.41,400190
10-Sep-15,1277.41,1293.87,1275.00,1287.74,405854
9-Sep-15,1293.00,1304.02,1274.50,1276.72,495187
8-Sep-15,1268.00,1281.13,1266.42,1280.40,658631
4-Sep-15,1224.17,1248.40,1222.15,1245.25,575721
3-Sep-15,1249.14,1260.25,1236.30,1240.37,541847
2-Sep-15,1232.44,1242.92,1216.05,1242.87,411915
1-Sep-15,1217.15,1245.00,1207.09,1215.36,574519
31-Aug-15,1255.17,1264.98,1243.47,1248.64,466727
28-Aug-15,1244.23,1264.52,1240.07,1259.39,501074
27-Aug-15,1234.99,1253.97,1233.42,1252.01,788044
26-Aug-15,1210.67,1229.05,1179.00,1223.46,836446
25-Aug-15,1202.11,1224.96,1178.79,1178.81,956959
24-Aug-15,1162.00,1222.52,1151.01,1174.12,1153620
21-Aug-15,1245.96,1248.24,1200.59,1216.92,1198212
20-Aug-15,1288.20,1289.51,1255.36,1257.54,693425
19-Aug-15,1284.32,1305.00,1281.00,1291.35,471544
18-Aug-15,1291.08,1309.05,1288.13,1291.83,426804
17-Aug-15,1277.10,1308.00,1276.19,1306.56,519262
14-Aug-15,1283.28,1287.99,1276.00,1283.80,609988
13-Aug-15,1301.69,1307.00,1284.53,1285.47,411099
12-Aug-15,1298.61,1299.49,1282.52,1294.71,770209
11-Aug-15,1315.90,1322.60,1299.24,1307.87,513426
10-Aug-15,1327.00,1334.00,1318.02,1323.75,549944
7-Aug-15,1350.55,1350.95,1314.61,1317.35,705867
6-Aug-15,1351.50,1372.33,1340.10,1351.80,868814
5-Aug-15,1382.61,1395.00,1325.10,1351.21,2106184
4-Aug-15,1242.31,1286.54,1240.53,1283.99,1242425
3-Aug-15,1249.89,1249.93,1225.00,1240.48,589197
31-Jul-15,1245.09,1254.88,1241.63,1243.57,797514
30-Jul-15,1222.00,1227.10,1207.64,1222.06,523852
29-Jul-15,1203.02,1221.80,1194.95,1219.43,470675
28-Jul-15,1196.30,1214.63,1187.49,1208.09,453100
27-Jul-15,1193.80,1205.50,1183.15,1186.08,562446
24-Jul-15,1215.02,1218.77,1189.50,1197.42,988571
23-Jul-15,1234.05,1238.46,1222.30,1228.96,428682
22-Jul-15,1239.52,1242.00,1228.02,1233.97,360515
21-Jul-15,1249.00,1250.78,1229.57,1235.20,563464
20-Jul-15,1220.43,1264.99,1220.06,1247.91,886838
17-Jul-15,1194.98,1220.00,1193.00,1216.00,938253
16-Jul-15,1178.85,1184.78,1174.00,1182.99,275986
15-Jul-15,1169.00,1177.94,1164.95,1167.54,324554
14-Jul-15,1172.50,1183.42,1169.07,1171.43,322973
13-Jul-15,1151.14,1173.64,1148.71,1171.39,627520
10-Jul-15,1141.26,1144.00,1133.00,1143.19,533337
9-Jul-15,1133.44,1141.34,1125.00,1126.07,638665
8-Jul-15,1133.61,1141.80,1115.77,1116.94,806820
7-Jul-15,1145.62,1146.28,1119.26,1145.01,563807
6-Jul-15,1134.15,1153.39,1134.00,1141.43,464359
2-Jul-15,1152.86,1154.59,1142.00,1143.07,396817
1-Jul-15,1160.00,1174.67,1146.83,1150.35,621617
30-Jun-15,1120.90,1152.16,1119.32,1151.37,1082624
29-Jun-15,1128.00,1136.00,1103.45,1107.73,707558
26-Jun-15,1151.97,1153.00,1135.74,1140.90,611707
25-Jun-15,1158.00,1160.90,1148.65,1149.19,335050
24-Jun-15,1157.77,1158.77,1147.28,1154.92,384585
23-Jun-15,1154.18,1159.57,1146.02,1155.95,429592
22-Jun-15,1161.27,1162.08,1143.83,1150.39,687400
19-Jun-15,1170.43,1173.47,1158.01,1158.46,566807
18-Jun-15,1169.32,1176.79,1163.82,1173.96,597246
17-Jun-15,1177.95,1182.90,1163.19,1163.57,556194
16-Jun-15,1171.20,1180.62,1168.22,1176.20,407670
15-Jun-15,1167.00,1178.60,1158.62,1175.36,461751
12-Jun-15,1183.40,1182.07,1171.00,1174.17,354247
11-Jun-15,1183.40,1188.45,1177.93,1181.93,365522
10-Jun-15,1170.00,1185.81,1164.34,1179.94,550776
9-Jun-15,1160.84,1168.00,1157.14,1163.27,479723
8-Jun-15,1179.12,1182.00,1162.09,1164.05,555361
5-Jun-15,1183.30,1187.58,1176.28,1178.16,421746
4-Jun-15,1183.89,1197.55,1182.86,1185.74,496525
3-Jun-15,1196.29,1201.07,1186.01,1193.71,691627
2-Jun-15,1162.14,1201.44,1161.56,1196.02,1035122
1-Jun-15,1174.00,1177.46,1164.08,1166.66,662508
29-May-15,1190.59,1191.85,1166.27,1172.04,843121
28-May-15,1197.24,1201.41,1187.16,1190.55,394943
27-May-15,1196.22,1203.37,1194.00,1197.76,555742
26-May-15,1206.77,1211.93,1194.10,1195.78,611443
22-May-15,1213.65,1218.25,1207.26,1208.50,409995
21-May-15,1206.01,1218.54,1204.00,1212.63,323294
20-May-15,1210.24,1213.55,1203.90,1208.18,519451
19-May-15,1214.00,1221.85,1204.02,1213.66,539553
18-May-15,1195.35,1219.28,1195.35,1216.84,597211
15-May-15,1193.14,1205.75,1189.04,1198.80,704150
14-May-15,1188.69,1192.40,1177.07,1190.09,506503
13-May-15,1181.31,1192.70,1177.49,1177.75,562838
12-May-15,1178.40,1187.27,1167.50,1183.47,687203
11-May-15,1200.07,1209.43,1183.04,1186.38,685868
8-May-15,1223.15,1224.60,1202.89,1204.76,796795
7-May-15,1224.25,1227.89,1182.02,1213.49,2163940
6-May-15,1270.55,1279.85,1257.46,1264.15,1203441
5-May-15,1262.00,1273.26,1252.71,1263.32,732094
4-May-15,1263.89,1280.97,1261.00,1267.46,571564
1-May-15,1249.15,1260.89,1244.00,1260.43,880207
30-Apr-15,1247.75,1255.27,1231.53,1237.81,581233
29-Apr-15,1235.00,1255.33,1234.60,1248.51,533648
28-Apr-15,1250.00,1253.84,1238.93,1242.12,455305
27-Apr-15,1235.37,1262.24,1235.07,1253.20,650640
24-Apr-15,1229.46,1235.00,1227.61,1233.09,599265
23-Apr-15,1209.00,1222.95,1207.65,1221.10,463679
22-Apr-15,1198.85,1219.60,1192.41,1212.90,434571
21-Apr-15,1195.90,1200.59,1191.54,1194.26,361295
20-Apr-15,1191.00,1201.75,1187.00,1191.42,473751
17-Apr-15,1194.50,1200.09,1186.81,1187.53,598097
16-Apr-15,1200.07,1213.31,1199.07,1206.09,518519
15-Apr-15,1206.00,1210.26,1199.11,1200.95,402456
14-Apr-15,1196.76,1204.95,1182.48,1204.71,454473
13-Apr-15,1188.84,1209.91,1188.02,1199.75,484428
10-Apr-15,1187.46,1192.40,1181.00,1189.50,361728
9-Apr-15,1194.35,1199.00,1181.01,1186.00,435246
8-Apr-15,1183.19,1195.00,1180.66,1192.25,342941
7-Apr-15,1190.08,1195.00,1183.92,1184.98,384065
6-Apr-15,1158.83,1194.46,1154.10,1185.01,688960
2-Apr-15,1149.15,1164.80,1146.19,1160.44,541244
1-Apr-15,1164.00,1168.00,1146.50,1149.60,623792
31-Mar-15,1161.75,1176.72,1160.50,1164.15,1011650
30-Mar-15,1143.35,1155.87,1142.00,1149.83,470138
27-Mar-15,1141.24,1144.10,1130.86,1135.19,447029
26-Mar-15,1144.50,1153.46,1137.77,1140.36,525294
25-Mar-15,1172.75,1177.01,1150.63,1152.70,507101
24-Mar-15,1176.14,1184.22,1168.38,1169.72,398053
23-Mar-15,1176.25,1190.00,1175.51,1181.18,460875
20-Mar-15,1190.38,1194.49,1179.17,1179.17,726221
19-Mar-15,1176.24,1179.00,1165.00,1176.32,475631
18-Mar-15,1153.00,1185.95,1147.96,1181.69,888843
17-Mar-15,1152.31,1163.42,1144.12,1153.57,554772
16-Mar-15,1163.12,1166.87,1151.00,1158.44,619763
13-Mar-15,1186.15,1188.07,1154.80,1157.77,813389
12-Mar-15,1186.93,1194.55,1176.00,1186.60,522133
11-Mar-15,1192.54,1195.37,1174.00,1177.55,706070
10-Mar-15,1202.00,1203.99,1186.69,1191.09,788818
9-Mar-15,1215.19,1220.89,1202.00,1217.00,564578
6-Mar-15,1221.71,1228.38,1213.00,1215.99,695454
5-Mar-15,1225.30,1242.00,1224.54,1231.90,502125
4-Mar-15,1233.50,1238.76,1223.72,1225.67,777655
3-Mar-15,1245.00,1254.64,1238.00,1242.03,511390
2-Mar-15,1237.75,1262.00,1232.03,1249.40,692432
27-Feb-15,1240.75,1246.39,1235.12,1237.48,645357
26-Feb-15,1248.98,1264.00,1238.97,1241.25,935436
25-Feb-15,1219.14,1259.86,1217.96,1250.86,1615859
24-Feb-15,1204.10,1220.36,1201.10,1219.79,603751
23-Feb-15,1210.47,1216.50,1202.83,1207.58,869410
20-Feb-15,1217.00,1230.09,1214.76,1216.23,1296792
19-Feb-15,1219.00,1222.88,1195.36,1218.05,2671464
18-Feb-15,1116.44,1129.98,1112.00,1122.99,819825
17-Feb-15,1115.00,1130.92,1114.01,1120.99,900769
13-Feb-15,1100.15,1108.50,1094.59,1103.37,814372
12-Feb-15,1077.21,1102.26,1075.72,1091.95,1199511
11-Feb-15,1064.24,1067.93,1051.05,1060.06,515698
10-Feb-15,1040.80,1060.80,1039.43,1057.62,658583
9-Feb-15,1020.65,1039.36,1014.15,1033.15,492888
6-Feb-15,1027.56,1030.02,1007.11,1022.42,1307357
5-Feb-15,1033.52,1049.44,1031.30,1044.60,660252
4-Feb-15,1036.00,1041.86,1026.34,1028.28,557866
3-Feb-15,1019.69,1039.99,1012.36,1037.55,871536
2-Feb-15,1012.00,1015.00,993.50,1013.03,655258
30-Jan-15,1011.74,1022.20,1008.41,1009.48,928378
29-Jan-15,1007.79,1015.51,992.12,1014.74,760513
28-Jan-15,1024.03,1024.41,1001.94,1003.25,572505
27-Jan-15,1029.73,1029.97,1003.18,1013.86,942977
26-Jan-15,1036.12,1043.82,1028.22,1041.86,508310
23-Jan-15,1047.95,1047.95,1033.28,1037.99,702164
22-Jan-15,1048.50,1053.00,1036.06,1049.68,914334
21-Jan-15,1024.00,1049.55,1020.00,1045.53,732426
20-Jan-15,1016.45,1028.01,999.00,1024.95,700262
16-Jan-15,997.01,1012.31,990.69,1008.22,1004758
15-Jan-15,1041.06,1042.50,995.68,998.25,1453268
14-Jan-15,1026.15,1039.66,1022.01,1035.67,755708
13-Jan-15,1052.45,1067.02,1027.80,1037.82,871538
12-Jan-15,1054.69,1054.69,1021.01,1039.98,1078485
9-Jan-15,1083.50,1085.09,1051.64,1051.96,974431
8-Jan-15,1056.95,1083.17,1047.12,1082.85,1047522
7-Jan-15,1090.77,1092.07,1058.57,1069.57,955020
6-Jan-15,1103.41,1103.98,1072.50,1079.96,1082465
5-Jan-15,1138.37,1138.37,1090.74,1097.58,1052212
2-Jan-15,1144.00,1149.44,1131.51,1142.06,510013
31-Dec-14,1150.93,1154.00,1140.21,1140.21,484359
30-Dec-14,1155.49,1161.12,1144.06,1148.65,357845
29-Dec-14,1154.64,1169.61,1150.56,1160.04,473025
26-Dec-14,1152.43,1160.44,1150.11,1156.22,281232
24-Dec-14,1148.00,1152.40,1143.04,1149.78,166452
23-Dec-14,1155.64,1158.56,1140.93,1147.61,584813
22-Dec-14,1111.01,1152.40,1110.72,1149.38,910224
19-Dec-14,1110.45,1114.07,1097.09,1109.45,1008402
18-Dec-14,1088.92,1108.99,1088.14,1104.58,1230324
17-Dec-14,1050.40,1077.85,1043.02,1075.34,894698
16-Dec-14,1067.55,1073.29,1045.25,1045.84,1112721
15-Dec-14,1107.10,1111.67,1076.85,1078.64,891120
12-Dec-14,1108.63,1119.82,1103.52,1103.99,676646
11-Dec-14,1119.39,1127.33,1111.71,1114.27,547478
10-Dec-14,1131.81,1136.68,1112.10,1115.52,672094
9-Dec-14,1128.00,1136.12,1112.78,1135.18,679581
8-Dec-14,1131.85,1149.09,1131.85,1135.68,593047
5-Dec-14,1141.12,1142.89,1130.94,1135.97,769576
4-Dec-14,1126.34,1146.57,1125.31,1140.11,735771
3-Dec-14,1138.69,1141.00,1126.50,1130.17,654563
2-Dec-14,1144.85,1147.73,1131.02,1139.36,885562
1-Dec-14,1158.14,1164.95,1139.63,1153.20,740361
28-Nov-14,1171.55,1171.55,1158.39,1160.19,287734
26-Nov-14,1176.95,1179.90,1161.82,1166.83,626847
25-Nov-14,1160.00,1182.31,1159.01,1179.17,655185
24-Nov-14,1157.52,1161.50,1151.45,1160.14,413392
21-Nov-14,1166.91,1166.91,1149.43,1151.46,787806
20-Nov-14,1149.62,1162.99,1148.27,1153.88,449512
19-Nov-14,1162.10,1167.42,1151.55,1156.65,542515
18-Nov-14,1164.99,1175.00,1158.60,1166.83,551849
17-Nov-14,1169.96,1171.82,1148.82,1166.41,711900
14-Nov-14,1170.64,1175.05,1163.32,1172.96,601290
13-Nov-14,1165.20,1174.00,1156.45,1168.01,709120
12-Nov-14,1163.99,1178.39,1154.37,1161.00,820153
11-Nov-14,1123.10,1168.68,1122.75,1167.36,1390096
10-Nov-14,1092.89,1120.70,1092.85,1120.02,882837
7-Nov-14,1094.35,1100.58,1088.91,1094.61,611300
6-Nov-14,1096.98,1100.29,1082.80,1097.75,741249
5-Nov-14,1103.00,1116.00,1086.16,1095.34,1165029
4-Nov-14,1113.12,1126.23,1081.39,1097.70,3357449
3-Nov-14,1211.69,1229.00,1197.00,1198.52,1102406
31-Oct-14,1175.58,1206.83,1172.50,1206.21,1473070
30-Oct-14,1142.92,1154.49,1132.45,1146.59,542881
29-Oct-14,1156.46,1159.00,1143.05,1144.22,543817
28-Oct-14,1135.04,1156.87,1133.70,1156.62,502297
27-Oct-14,1138.00,1143.98,1129.64,1134.26,377667
24-Oct-14,1130.82,1140.81,1123.71,1138.43,538774
23-Oct-14,1125.12,1141.43,1120.90,1130.98,709046
22-Oct-14,1134.84,1136.63,1109.71,1114.45,596677
21-Oct-14,1107.16,1136.85,1107.01,1132.97,738905
20-Oct-14,1076.52,1104.44,1074.73,1103.07,590819
17-Oct-14,1090.17,1094.50,1073.02,1077.27,901729
16-Oct-14,1044.67,1073.76,1042.23,1073.19,1059611
15-Oct-14,1031.33,1060.99,1022.33,1058.75,1611612
14-Oct-14,1050.21,1061.00,1041.71,1050.45,1209089
13-Oct-14,1063.41,1072.88,1017.28,1040.70,1868653
10-Oct-14,1094.80,1103.48,1062.57,1063.66,1530071
9-Oct-14,1120.18,1122.62,1099.01,1102.19,1069059
8-Oct-14,1110.51,1127.86,1098.21,1126.92,1046855
7-Oct-14,1114.48,1129.99,1106.46,1109.15,977539
6-Oct-14,1141.00,1141.34,1116.41,1119.82,964748
3-Oct-14,1145.00,1152.55,1140.00,1141.46,617521
2-Oct-14,1140.00,1146.63,1119.05,1139.91,797835
1-Oct-14,1154.29,1154.75,1131.31,1137.66,959277
30-Sep-14,1164.50,1169.10,1152.28,1158.58,661578
29-Sep-14,1162.52,1164.40,1142.26,1161.05,861263
26-Sep-14,1166.67,1175.42,1161.01,1174.44,689107
25-Sep-14,1181.43,1182.56,1159.33,1164.02,752895
24-Sep-14,1169.74,1183.87,1157.15,1182.02,565076
23-Sep-14,1163.40,1177.50,1160.30,1166.35,651871
22-Sep-14,1181.33,1181.33,1154.15,1165.79,679225
19-Sep-14,1205.00,1205.50,1185.50,1186.12,841316
18-Sep-14,1179.40,1198.49,1175.71,1197.20,872262
17-Sep-14,1174.19,1184.76,1162.82,1173.80,644834
16-Sep-14,1149.89,1179.56,1149.30,1172.92,810237
15-Sep-14,1161.16,1161.50,1139.27,1153.59,829328
12-Sep-14,1175.52,1177.89,1161.75,1163.94,792158
11-Sep-14,1183.62,1186.79,1170.15,1176.85,619205
10-Sep-14,1176.99,1189.39,1173.61,1188.64,685453
9-Sep-14,1198.59,1200.00,1173.70,1177.08,871354
8-Sep-14,1190.33,1201.55,1178.73,1198.86,966743
5-Sep-14,1210.00,1211.40,1182.36,1195.02,1706077
4-Sep-14,1242.38,1243.90,1216.00,1220.76,967757
3-Sep-14,1262.95,1262.95,1232.66,1234.40,780125
2-Sep-14,1247.70,1257.76,1244.05,1254.90,681660
29-Aug-14,1255.24,1255.85,1241.62,1244.31,532725
28-Aug-14,1255.51,1260.11,1248.70,1250.71,480359
27-Aug-14,1277.24,1281.84,1259.59,1260.77,568126
26-Aug-14,1280.44,1286.66,1270.27,1277.52,409945
25-Aug-14,1286.81,1293.97,1275.85,1277.01,570682
22-Aug-14,1268.49,1277.93,1260.38,1277.50,601155
21-Aug-14,1273.37,1275.35,1264.26,1265.05,403331
20-Aug-14,1274.40,1276.00,1267.98,1273.37,358979
19-Aug-14,1281.26,1281.26,1268.17,1271.78,422339
18-Aug-14,1274.57,1288.27,1273.52,1276.18,602479
15-Aug-14,1293.62,1293.62,1266.52,1270.12,1335997
14-Aug-14,1299.97,1301.45,1284.06,1284.81,713851
13-Aug-14,1302.42,1302.97,1284.20,1293.75,728565
12-Aug-14,1312.21,1320.92,1288.12,1294.36,794639
11-Aug-14,1281.85,1329.90,1274.55,1309.28,2053262
8-Aug-14,1289.61,1289.92,1271.54,1281.56,1031294
7-Aug-14,1303.11,1303.63,1279.40,1285.11,677482
6-Aug-14,1275.00,1296.64,1268.51,1280.57,662454
5-Aug-14,1295.38,1306.78,1269.54,1281.21,959288
4-Aug-14,1247.55,1307.09,1246.53,1299.92,1369570
1-Aug-14,1247.00,1255.63,1236.66,1245.90,805977
31-Jul-14,1248.52,1254.97,1236.47,1242.45,823196
30-Jul-14,1253.82,1258.51,1249.92,1255.95,625752
29-Jul-14,1245.69,1255.84,1242.35,1246.61,701276
28-Jul-14,1228.00,1242.88,1223.73,1239.29,446445
25-Jul-14,1235.65,1239.35,1224.28,1227.78,662643
24-Jul-14,1234.34,1247.31,1228.27,1236.73,621929
23-Jul-14,1228.60,1242.40,1228.60,1238.68,518009
22-Jul-14,1223.83,1232.75,1216.80,1230.66,572131
21-Jul-14,1211.55,1217.94,1203.05,1215.92,535840
18-Jul-14,1206.15,1212.89,1199.89,1212.78,795526
17-Jul-14,1218.52,1229.00,1197.01,1201.37,933102
16-Jul-14,1241.71,1243.26,1223.00,1223.65,577348
15-Jul-14,1231.20,1238.76,1219.16,1231.00,622935
14-Jul-14,1221.50,1236.00,1215.51,1228.49,590291
11-Jul-14,1222.64,1223.58,1211.83,1214.92,610055
10-Jul-14,1211.85,1226.48,1209.05,1216.13,765582
9-Jul-14,1231.50,1240.09,1225.12,1236.37,752505
8-Jul-14,1241.88,1247.43,1208.17,1225.23,1112884
7-Jul-14,1242.60,1264.50,1239.38,1252.40,685660
3-Jul-14,1246.04,1247.44,1238.07,1243.12,328493
2-Jul-14,1251.13,1252.61,1233.35,1237.84,617892
1-Jul-14,1217.70,1249.00,1216.75,1246.77,1005238
30-Jun-14,1205.21,1215.01,1202.50,1203.00,578606
27-Jun-14,1211.01,1221.95,1205.47,1205.47,567307
26-Jun-14,1228.26,1230.08,1213.73,1217.70,555243
25-Jun-14,1201.53,1224.58,1199.00,1221.45,592513
24-Jun-14,1207.00,1222.58,1199.00,1204.73,765423
23-Jun-14,1200.12,1208.41,1195.03,1205.60,421222
20-Jun-14,1209.14,1214.99,1196.01,1203.17,902197
19-Jun-14,1220.82,1221.02,1199.52,1206.83,580436
18-Jun-14,1200.35,1218.60,1187.92,1216.88,722192
17-Jun-14,1202.55,1213.23,1187.00,1196.51,688084
16-Jun-14,1191.38,1209.55,1183.00,1202.48,751589
13-Jun-14,1224.93,1234.97,1186.64,1189.30,1730192
12-Jun-14,1249.32,1264.80,1222.00,1226.00,966140
11-Jun-14,1214.00,1250.09,1213.04,1248.72,748048
10-Jun-14,1230.01,1240.89,1218.96,1222.88,589003
9-Jun-14,1241.05,1250.00,1228.63,1229.92,590711
6-Jun-14,1254.40,1258.16,1234.10,1238.08,632447
5-Jun-14,1252.37,1259.95,1245.63,1247.96,686487
4-Jun-14,1261.00,1262.00,1244.65,1245.97,675517
3-Jun-14,1271.49,1273.62,1256.25,1265.51,625820
2-Jun-14,1281.00,1286.00,1260.24,1278.80,519629
30-May-14,1292.33,1292.33,1269.05,1278.63,906145
29-May-14,1270.74,1292.66,1266.00,1291.73,810516
28-May-14,1256.50,1275.00,1246.05,1270.02,894931
27-May-14,1206.16,1259.84,1206.16,1259.11,1349648
23-May-14,1179.10,1197.48,1175.21,1197.12,527725
22-May-14,1177.00,1186.00,1171.95,1178.06,560209
21-May-14,1158.60,1177.88,1149.32,1177.44,686656
20-May-14,1161.41,1166.62,1143.53,1150.28,636584
19-May-14,1131.77,1162.35,1128.92,1158.79,778094
16-May-14,1136.27,1139.00,1121.36,1137.16,791051
15-May-14,1142.95,1143.00,1118.14,1136.25,859167
14-May-14,1158.57,1166.52,1141.16,1145.81,638628
13-May-14,1163.59,1172.00,1157.50,1159.91,593876
12-May-14,1143.97,1165.89,1143.01,1163.32,778329
9-May-14,1115.61,1138.46,1111.52,1135.91,1192882
8-May-14,1096.61,1152.98,1087.26,1108.00,2618688
7-May-14,1173.01,1174.00,1124.41,1131.74,1156194
6-May-14,1190.22,1191.54,1166.57,1168.36,600568
5-May-14,1170.15,1193.44,1160.02,1191.61,493749
2-May-14,1188.58,1196.19,1170.52,1179.93,693005
1-May-14,1163.92,1193.78,1156.39,1180.60,930119
30-Apr-14,1145.22,1159.94,1137.77,1157.75,621725
29-Apr-14,1147.58,1165.00,1133.20,1154.84,788367
28-Apr-14,1158.00,1158.99,1107.27,1139.72,1539181
25-Apr-14,1212.00,1212.00,1154.00,1157.24,1396417
24-Apr-14,1232.00,1235.45,1203.71,1217.03,611297
23-Apr-14,1231.73,1234.75,1213.71,1219.95,582966
22-Apr-14,1226.77,1237.15,1220.15,1230.00,670732
21-Apr-14,1212.60,1224.14,1204.37,1221.04,572881
17-Apr-14,1205.74,1224.62,1203.00,1208.36,1060022
16-Apr-14,1177.50,1213.30,1174.18,1212.25,1413008
15-Apr-14,1171.97,1182.38,1141.33,1169.75,1029207
14-Apr-14,1168.27,1187.97,1152.74,1167.21,976907
11-Apr-14,1160.01,1177.09,1147.46,1156.21,1611137
10-Apr-14,1231.72,1234.85,1174.08,1177.30,1559097
9-Apr-14,1197.36,1235.09,1185.35,1234.63,1488010
8-Apr-14,1175.16,1196.99,1168.01,1187.54,1303762
7-Apr-14,1167.50,1189.86,1138.00,1169.73,1752780
4-Apr-14,1248.00,1249.99,1177.95,1178.08,2047826
3-Apr-14,1265.00,1265.82,1224.01,1237.45,1061439
2-Apr-14,1256.19,1276.74,1249.51,1266.66,1017969
1-Apr-14,1203.21,1251.84,1201.11,1251.37,1212325
31-Mar-14,1205.46,1214.57,1190.26,1191.89,776701
28-Mar-14,1189.18,1214.63,1182.62,1192.01,1165087
27-Mar-14,1188.77,1191.97,1156.41,1182.25,1630772
26-Mar-14,1229.57,1240.00,1188.57,1188.77,1066284
25-Mar-14,1232.08,1244.80,1203.28,1223.70,1421125
24-Mar-14,1275.00,1275.99,1211.90,1227.93,1437709
21-Mar-14,1316.99,1316.99,1267.64,1268.84,1170670
20-Mar-14,1285.67,1300.00,1272.17,1292.39,636464
19-Mar-14,1307.69,1314.70,1277.57,1287.23,708438
18-Mar-14,1295.18,1305.39,1290.70,1304.43,567936
17-Mar-14,1273.16,1308.79,1267.00,1287.96,900808
14-Mar-14,1294.98,1296.97,1267.05,1267.93,866235
13-Mar-14,1337.99,1338.14,1294.63,1299.73,967475
12-Mar-14,1322.97,1338.98,1315.50,1332.58,633934
11-Mar-14,1347.69,1347.69,1323.62,1326.30,628463
10-Mar-14,1356.93,1358.84,1332.80,1343.44,630908
7-Mar-14,1372.55,1373.88,1354.05,1358.04,562565
6-Mar-14,1370.75,1378.96,1361.10,1364.40,484739
5-Mar-14,1365.97,1371.23,1356.50,1370.43,477064
4-Mar-14,1349.21,1369.00,1347.01,1368.32,671387
3-Mar-14,1330.94,1342.03,1321.00,1338.24,701490
28-Feb-14,1356.85,1367.05,1339.42,1348.84,927056
27-Feb-14,1357.13,1363.09,1350.00,1357.79,629821
26-Feb-14,1358.52,1375.41,1342.00,1356.94,1097482
25-Feb-14,1316.89,1357.16,1315.15,1353.49,1216580
24-Feb-14,1317.00,1324.00,1304.13,1313.67,825995
21-Feb-14,1327.88,1333.12,1283.00,1315.65,2073420
20-Feb-14,1284.10,1286.00,1254.03,1283.00,1728594
19-Feb-14,1302.00,1309.00,1271.19,1273.76,1066895
18-Feb-14,1283.60,1313.82,1276.01,1301.64,1112766
14-Feb-14,1276.08,1284.70,1269.14,1279.98,910762
13-Feb-14,1241.48,1282.60,1239.22,1276.07,1222692
12-Feb-14,1222.94,1249.60,1213.93,1246.64,1147311
11-Feb-14,1207.00,1215.95,1201.06,1213.93,544462
10-Feb-14,1190.99,1212.00,1187.04,1207.82,585020
7-Feb-14,1159.37,1196.56,1157.53,1195.39,1401963
6-Feb-14,1128.42,1145.51,1125.99,1138.34,452461
5-Feb-14,1123.24,1133.92,1103.90,1124.01,533262
4-Feb-14,1117.94,1128.83,1107.20,1126.12,553715
3-Feb-14,1143.83,1151.09,1107.25,1113.49,737468
31-Jan-14,1143.44,1161.04,1139.17,1144.89,810787
30-Jan-14,1145.16,1162.76,1141.77,1160.00,791843
29-Jan-14,1150.00,1157.70,1132.97,1133.79,686279
28-Jan-14,1154.40,1168.64,1150.17,1162.53,632681
27-Jan-14,1181.07,1186.99,1138.22,1143.24,1203804
24-Jan-14,1195.00,1203.16,1172.64,1179.93,880362
23-Jan-14,1207.00,1214.97,1196.15,1208.86,532350
22-Jan-14,1207.99,1214.19,1204.47,1213.29,632633
21-Jan-14,1181.50,1206.98,1176.50,1205.95,754945
17-Jan-14,1185.21,1186.86,1167.43,1178.04,610468
16-Jan-14,1170.52,1189.99,1170.52,1184.65,787289
15-Jan-14,1160.10,1174.34,1160.10,1172.86,576377
14-Jan-14,1138.82,1160.90,1133.03,1159.21,624333
13-Jan-14,1142.57,1163.48,1133.64,1139.72,612779
10-Jan-14,1156.41,1156.41,1142.44,1148.84,489689
9-Jan-14,1157.95,1162.83,1144.25,1153.69,474847
8-Jan-14,1163.99,1168.10,1156.51,1157.50,508730
7-Jan-14,1146.82,1165.89,1142.00,1163.07,669796
6-Jan-14,1132.28,1144.44,1113.01,1139.53,656702
3-Jan-14,1147.00,1152.69,1131.44,1132.68,624006
2-Jan-14,1159.97,1161.29,1140.00,1145.44,654396
31-Dec-13,1155.93,1162.40,1154.01,1162.40,444015
30-Dec-13,1172.35,1172.35,1151.00,1152.89,645775
27-Dec-13,1191.71,1191.74,1168.66,1170.31,516785
26-Dec-13,1183.20,1189.85,1178.08,1189.85,308288
24-Dec-13,1185.58,1188.40,1179.80,1179.90,254598
23-Dec-13,1194.47,1194.47,1180.04,1187.25,512562
20-Dec-13,1194.47,1196.69,1188.90,1190.95,779249
19-Dec-13,1187.90,1194.00,1183.72,1191.57,602833
18-Dec-13,1161.43,1188.62,1145.00,1187.99,878950
17-Dec-13,1175.00,1175.00,1156.21,1160.90,596122
16-Dec-13,1170.60,1178.66,1168.00,1174.25,430845
13-Dec-13,1182.03,1182.05,1169.18,1171.27,485569
12-Dec-13,1180.00,1183.47,1171.02,1175.24,405169
11-Dec-13,1192.59,1198.50,1175.10,1178.11,583420
10-Dec-13,1178.00,1192.26,1175.62,1188.92,439612
9-Dec-13,1184.00,1187.00,1174.70,1178.68,482457
6-Dec-13,1189.00,1189.00,1172.76,1180.40,416991
5-Dec-13,1180.69,1180.94,1169.94,1174.39,383705
4-Dec-13,1171.59,1184.99,1166.54,1181.67,462747
3-Dec-13,1181.16,1182.90,1171.12,1176.48,483156
2-Dec-13,1196.10,1196.59,1179.27,1188.50,435591
29-Nov-13,1194.20,1198.75,1190.15,1192.33,327540
27-Nov-13,1182.40,1193.47,1179.01,1187.19,438113
26-Nov-13,1162.95,1182.60,1155.60,1177.98,575477
25-Nov-13,1164.23,1165.58,1156.39,1159.17,361008
22-Nov-13,1160.00,1163.25,1152.83,1158.99,369865
21-Nov-13,1157.64,1163.49,1151.07,1159.11,493502
20-Nov-13,1148.30,1163.98,1139.45,1147.09,975404
19-Nov-13,1125.02,1133.77,1110.00,1118.42,539565
18-Nov-13,1139.50,1145.00,1120.96,1127.93,614957
15-Nov-13,1143.49,1144.76,1131.10,1139.53,707784
14-Nov-13,1133.00,1143.26,1128.93,1137.44,591070
13-Nov-13,1097.38,1125.89,1095.08,1124.20,884430
12-Nov-13,1103.02,1106.65,1092.55,1099.49,639296
11-Nov-13,1068.45,1109.50,1067.10,1096.50,897154
8-Nov-13,1055.96,1077.14,1041.68,1073.20,1927493
7-Nov-13,1056.62,1062.60,1020.69,1022.89,1328854
6-Nov-13,1079.03,1085.00,1051.32,1058.04,687366
5-Nov-13,1070.57,1085.39,1060.00,1082.23,517328
4-Nov-13,1057.06,1071.08,1047.08,1070.57,534414
1-Nov-13,1056.00,1056.87,1043.96,1052.50,534077
31-Oct-13,1082.00,1082.00,1044.00,1053.83,668556
30-Oct-13,1074.93,1078.00,1058.46,1068.55,366084
29-Oct-13,1065.43,1075.00,1055.10,1069.52,315154
28-Oct-13,1072.46,1075.00,1057.00,1060.15,374451
25-Oct-13,1086.21,1088.66,1067.20,1070.85,577087
24-Oct-13,1074.00,1082.78,1066.00,1080.40,483312
23-Oct-13,1073.48,1078.06,1056.03,1065.97,484398
22-Oct-13,1094.36,1098.70,1057.09,1075.63,847817
21-Oct-13,1053.29,1089.75,1051.00,1087.09,700627
18-Oct-13,1050.00,1056.02,1045.02,1048.25,925814
17-Oct-13,1031.51,1042.00,1025.89,1032.15,477823
16-Oct-13,1029.00,1039.00,1025.92,1035.20,400897
15-Oct-13,1016.15,1031.88,1013.00,1021.51,475477
14-Oct-13,1006.56,1019.49,993.75,1017.63,432246
11-Oct-13,1013.19,1028.35,1005.47,1010.63,830852
10-Oct-13,1006.41,1016.49,1002.00,1013.19,761306
9-Oct-13,1001.83,1001.83,972.40,989.03,1054908
8-Oct-13,1041.79,1044.63,983.00,998.13,1369807
7-Oct-13,1061.49,1061.49,1040.02,1041.68,437410
4-Oct-13,1051.99,1064.00,1044.67,1062.17,558084
3-Oct-13,1065.62,1074.89,1043.31,1049.31,726917
2-Oct-13,1035.64,1073.00,1035.00,1067.38,1154789
1-Oct-13,1008.02,1039.31,1008.02,1038.27,599632
30-Sep-13,1008.93,1017.49,1003.10,1010.95,468111
27-Sep-13,1007.69,1019.95,1005.10,1014.97,447968
26-Sep-13,1002.44,1014.22,999.48,1011.61,379704
25-Sep-13,1007.40,1008.77,996.18,997.32,335878
24-Sep-13,997.73,1013.63,989.26,1005.99,534668
23-Sep-13,1000.00,1008.50,986.06,996.76,445019
20-Sep-13,1000.80,1007.15,998.08,1003.01,610328
19-Sep-13,997.48,1003.31,989.03,1000.62,539673
18-Sep-13,967.26,1001.00,967.02,995.09,674715
17-Sep-13,965.97,973.42,962.10,970.24,279055
16-Sep-13,979.90,979.99,965.89,967.74,453109
13-Sep-13,971.70,971.70,960.17,966.82,552739
12-Sep-13,979.23,982.13,968.08,969.79,311020
11-Sep-13,977.42,985.77,970.84,981.56,348501
10-Sep-13,970.75,979.93,968.56,977.50,407507
9-Sep-13,961.50,968.44,959.21,965.66,391995
6-Sep-13,962.42,965.00,946.51,959.15,592095
5-Sep-13,950.91,962.96,950.52,957.80,317884
4-Sep-13,945.00,952.62,937.21,952.45,444125
3-Sep-13,949.40,953.65,940.84,942.83,441965
30-Aug-13,942.00,946.27,935.07,938.53,383920
29-Aug-13,932.99,946.89,932.99,940.65,331459
28-Aug-13,935.77,939.13,930.82,934.61,307010
27-Aug-13,939.65,944.27,932.11,935.60,487238
26-Aug-13,952.31,961.24,948.72,949.54,342280
23-Aug-13,956.50,956.87,951.10,954.23,380468
22-Aug-13,945.29,954.43,943.51,952.15,369427
21-Aug-13,936.49,951.00,932.00,940.20,537210
20-Aug-13,933.47,942.15,932.62,932.77,346314
19-Aug-13,934.00,947.00,931.90,933.13,467644
16-Aug-13,940.20,949.00,937.01,940.07,821025
15-Aug-13,935.23,943.41,928.80,938.79,823583
14-Aug-13,950.23,958.96,938.98,940.00,836953
13-Aug-13,960.43,963.37,948.99,953.61,670584
12-Aug-13,966.32,969.66,956.90,958.02,714138
9-Aug-13,992.03,994.98,969.45,969.89,2621099
8-Aug-13,936.05,937.00,915.93,933.75,1339177
7-Aug-13,931.79,932.72,912.73,927.58,871872
6-Aug-13,935.66,940.00,923.36,935.38,933992
5-Aug-13,914.90,930.74,910.26,928.58,704618
2-Aug-13,907.24,913.82,899.24,908.36,675480
1-Aug-13,885.74,906.53,883.28,904.35,1009794
31-Jul-13,890.17,890.17,875.19,875.67,654516
30-Jul-13,894.72,898.73,881.00,886.86,491130
29-Jul-13,900.59,904.69,886.67,888.11,444805
26-Jul-13,885.66,907.25,884.00,900.08,1020614
25-Jul-13,902.69,919.38,900.61,912.00,986523
24-Jul-13,901.37,905.64,892.10,894.02,445685
23-Jul-13,903.20,906.95,890.80,895.79,367584
22-Jul-13,901.10,908.00,898.32,900.48,468908
19-Jul-13,900.52,900.52,889.00,896.29,718455
18-Jul-13,903.40,904.00,893.01,899.60,502004
17-Jul-13,904.77,912.80,900.02,906.68,539170
16-Jul-13,915.00,916.12,892.14,902.05,675830
15-Jul-13,922.50,926.40,910.70,911.66,581136
12-Jul-13,908.71,920.92,907.48,920.39,664195
11-Jul-13,900.85,912.86,895.60,910.35,816682
10-Jul-13,894.43,897.00,886.49,892.32,513428
9-Jul-13,891.50,900.40,880.10,897.06,908335
8-Jul-13,874.66,889.40,872.20,888.63,1162139
5-Jul-13,850.49,856.12,840.00,855.16,462615
3-Jul-13,836.48,847.33,836.10,845.40,194068
2-Jul-13,843.11,854.60,838.20,841.06,453155
1-Jul-13,832.00,844.99,831.11,840.74,529173
28-Jun-13,819.73,830.00,819.73,826.67,509335
27-Jun-13,825.50,828.06,819.90,822.39,533353
26-Jun-13,815.80,823.86,814.45,819.56,583551
25-Jun-13,813.68,817.55,805.03,809.57,476274
24-Jun-13,805.25,812.00,791.15,805.01,869044
21-Jun-13,820.74,823.86,805.22,813.05,1026099
20-Jun-13,822.50,830.38,812.44,815.69,873222
19-Jun-13,834.00,839.67,827.52,828.55,591229
18-Jun-13,829.08,839.45,826.52,834.82,634368
17-Jun-13,822.00,831.09,818.60,825.54,822413
14-Jun-13,812.60,817.49,810.47,815.75,569830
13-Jun-13,805.43,815.89,803.49,814.82,460300
12-Jun-13,821.48,821.58,802.67,807.90,580630
11-Jun-13,815.32,821.67,809.33,813.42,550994
10-Jun-13,819.21,825.00,815.06,823.45,524701
7-Jun-13,810.18,819.24,805.11,816.45,693034
6-Jun-13,794.85,806.03,787.00,805.90,582944
5-Jun-13,797.95,809.00,795.00,795.50,538923
4-Jun-13,800.76,811.00,794.05,798.69,533296
3-Jun-13,805.15,805.86,788.26,802.62,626727
31-May-13,805.77,819.98,802.87,803.93,826305
30-May-13,795.00,816.40,792.27,807.54,1258905
29-May-13,796.12,801.68,789.45,792.27,549070
28-May-13,811.80,819.99,801.31,804.33,653225
24-May-13,797.65,804.18,795.55,801.12,437817
23-May-13,789.00,805.65,784.32,803.60,907347
22-May-13,803.45,820.72,795.31,798.03,1857351
21-May-13,842.90,847.33,825.06,825.96,1115783
20-May-13,825.70,842.75,824.19,842.50,1331421
17-May-13,805.03,814.58,802.18,813.66,784234
16-May-13,806.00,811.48,797.50,800.08,898381
15-May-13,790.05,808.51,789.95,805.75,928230
14-May-13,776.04,794.00,776.04,791.14,1015573
13-May-13,761.00,779.25,758.37,777.44,788391
10-May-13,742.00,769.67,742.00,765.41,2110414
9-May-13,735.00,744.98,728.72,737.50,1057849
8-May-13,726.22,736.00,726.11,735.27,461781
7-May-13,730.96,730.99,717.90,725.05,314722
6-May-13,723.50,730.95,722.70,726.71,405849
3-May-13,717.43,728.54,716.85,724.77,662841
2-May-13,693.75,712.60,693.75,707.95,617843
1-May-13,696.56,700.00,691.10,694.06,454262
30-Apr-13,698.55,702.73,693.49,695.99,484179
29-Apr-13,704.49,709.05,697.06,699.43,572858
26-Apr-13,705.93,710.71,693.92,701.19,739923
25-Apr-13,705.00,720.50,703.50,711.22,561491
24-Apr-13,702.98,704.53,693.72,700.80,280855
23-Apr-13,692.75,707.41,692.46,702.35,468168
22-Apr-13,685.01,691.59,677.72,690.87,520214
19-Apr-13,686.93,697.90,682.31,683.57,831825
18-Apr-13,707.07,707.36,683.54,690.01,800577
17-Apr-13,714.99,716.02,702.40,708.80,606478
16-Apr-13,719.62,723.31,713.48,720.70,494162
15-Apr-13,733.45,735.63,710.93,711.38,815135
12-Apr-13,732.77,745.24,722.45,743.11,972634
11-Apr-13,720.91,735.29,718.72,733.99,724902
10-Apr-13,699.05,719.71,697.24,718.94,652078
9-Apr-13,696.00,700.71,690.65,696.13,321505
8-Apr-13,691.76,696.81,688.10,696.53,292839
5-Apr-13,693.22,697.76,687.42,693.31,481395
4-Apr-13,698.00,702.13,689.00,701.35,469872
3-Apr-13,706.24,707.27,697.11,698.72,505753
2-Apr-13,701.49,706.00,698.52,705.91,512291
1-Apr-13,689.08,697.92,686.81,695.76,578834
28-Mar-13,694.30,694.80,686.01,688.16,539605
27-Mar-13,687.60,695.53,682.50,694.86,407194
26-Mar-13,697.88,700.00,693.24,694.59,278779
25-Mar-13,700.02,703.50,693.30,695.64,370475
22-Mar-13,689.36,697.92,686.00,697.91,560447
21-Mar-13,688.44,699.49,683.51,683.99,537077
20-Mar-13,689.68,691.22,685.53,687.58,379173
19-Mar-13,697.53,702.69,679.71,684.15,940652
18-Mar-13,706.43,707.62,694.90,696.81,597304
15-Mar-13,711.61,716.44,711.06,713.50,697822
14-Mar-13,715.40,717.80,708.86,713.15,383392
13-Mar-13,723.00,723.73,714.53,715.53,376177
12-Mar-13,723.00,727.38,714.56,722.04,523511
11-Mar-13,721.01,725.92,719.79,725.07,459607
8-Mar-13,722.06,724.30,716.02,720.92,470801
7-Mar-13,722.15,723.74,716.53,719.03,462607
6-Mar-13,721.07,728.70,717.03,718.90,492418
5-Mar-13,716.00,723.05,715.30,718.41,707979
4-Mar-13,694.55,714.71,692.47,714.01,890694
1-Mar-13,689.05,698.77,683.68,695.62,1009128
28-Feb-13,696.30,697.72,680.69,689.11,1088128
27-Feb-13,709.05,712.50,692.00,695.91,2010789
26-Feb-13,671.65,680.50,665.05,678.49,1323604
25-Feb-13,686.94,692.79,671.54,671.54,713685
22-Feb-13,688.50,689.90,680.92,684.70,543031
21-Feb-13,688.50,690.56,675.11,683.33,1109574
20-Feb-13,705.21,707.57,687.64,688.20,573356
19-Feb-13,703.16,707.57,700.52,703.47,476667
15-Feb-13,704.20,706.23,698.50,702.26,669721
14-Feb-13,699.95,707.99,697.66,705.62,345682
13-Feb-13,703.00,708.00,698.90,704.17,333954
12-Feb-13,696.80,705.77,695.37,703.38,487096
11-Feb-13,699.68,700.00,692.16,696.11,301613
8-Feb-13,693.55,702.04,691.47,700.83,468698
7-Feb-13,694.10,697.46,679.65,690.69,444358
6-Feb-13,693.77,704.17,690.00,694.10,652507
5-Feb-13,683.89,697.78,683.02,691.57,549305
4-Feb-13,681.86,686.01,678.73,679.29,507168
1-Feb-13,693.12,698.03,684.68,685.56,915037
31-Jan-13,675.96,687.34,673.72,685.47,1053756
30-Jan-13,701.90,705.43,694.00,695.09,428978
29-Jan-13,703.16,710.58,694.02,700.29,528726
28-Jan-13,718.65,721.96,700.40,704.98,925594
25-Jan-13,682.00,719.37,681.05,718.82,1574932
24-Jan-13,671.84,681.72,670.87,679.55,630697
23-Jan-13,674.91,675.99,668.11,672.26,365214
22-Jan-13,671.50,678.88,668.51,671.27,552346
18-Jan-13,669.97,677.08,668.55,672.72,598526
17-Jan-13,670.73,675.30,661.34,669.89,547274
16-Jan-13,661.10,671.00,658.25,667.84,396495
15-Jan-13,658.38,665.79,653.54,663.35,398031
14-Jan-13,657.77,667.87,657.25,662.92,523621
11-Jan-13,653.48,657.38,650.35,655.49,368191
10-Jan-13,655.24,657.83,645.55,653.62,385574
9-Jan-13,655.92,658.23,650.18,651.59,306896
8-Jan-13,657.72,662.98,654.30,657.42,455588
7-Jan-13,648.00,659.99,644.37,657.38,557256
4-Jan-13,648.25,649.87,642.00,648.41,404556
3-Jan-13,652.59,659.00,645.87,648.73,925517
2-Jan-13,637.83,641.93,627.67,638.40,681047
31-Dec-12,607.15,623.00,601.50,620.39,586228
28-Dec-12,606.60,614.24,604.10,608.88,362915
27-Dec-12,604.43,612.34,597.15,610.03,410877
26-Dec-12,615.16,617.46,600.39,602.37,489067
24-Dec-12,614.36,619.00,612.25,617.34,177921
21-Dec-12,622.63,625.64,612.12,618.88,936973
20-Dec-12,628.98,633.85,622.86,630.83,309158
19-Dec-12,632.74,638.64,626.00,627.23,597120
18-Dec-12,620.30,634.72,618.52,632.74,664875
17-Dec-12,613.03,617.90,606.45,616.87,538783
14-Dec-12,610.32,617.93,609.43,613.54,393396
13-Dec-12,625.51,628.32,607.55,613.08,749315
12-Dec-12,626.50,631.98,623.42,624.73,690421
11-Dec-12,631.01,634.40,621.09,623.22,845794
10-Dec-12,645.89,649.99,623.10,625.96,1221956
7-Dec-12,667.00,672.95,656.65,659.10,542532
6-Dec-12,664.00,670.36,658.01,664.14,447494
5-Dec-12,664.38,667.60,654.13,664.23,449766
4-Dec-12,665.50,668.98,659.51,663.81,470397
3-Dec-12,670.00,679.23,665.88,667.80,878930
30-Nov-12,663.24,666.30,656.66,663.19,646192
29-Nov-12,661.25,672.44,660.00,665.74,1087738
28-Nov-12,635.92,659.89,632.78,658.05,817183
27-Nov-12,638.86,644.92,633.85,636.75,444581
26-Nov-12,640.87,643.50,636.56,639.99,287326
23-Nov-12,642.03,643.09,636.78,641.91,196701
21-Nov-12,636.23,643.49,634.85,639.58,364869
20-Nov-12,627.52,639.00,624.69,635.58,577068
19-Nov-12,624.54,629.00,620.79,625.50,509952
16-Nov-12,616.94,623.69,611.30,614.78,883243
15-Nov-12,614.99,622.50,611.55,617.52,649127
14-Nov-12,634.03,635.21,615.77,616.40,730318
13-Nov-12,629.36,640.93,628.40,630.31,555291
12-Nov-12,629.10,635.75,626.00,633.43,578607
9-Nov-12,618.50,632.59,616.04,625.87,1250794
8-Nov-12,632.35,640.65,627.11,627.87,679007
7-Nov-12,639.30,643.00,628.13,634.61,784960
6-Nov-12,636.00,645.88,634.00,644.90,757644
5-Nov-12,634.80,635.97,627.34,634.79,807588
2-Nov-12,650.06,657.60,634.04,634.74,2513437
1-Nov-12,574.90,586.84,568.62,586.10,1282420
31-Oct-12,579.25,579.33,569.05,573.77,775911
26-Oct-12,582.00,589.44,572.60,579.46,1953999
25-Oct-12,568.62,570.71,556.45,557.87,1017566
24-Oct-12,573.30,574.47,560.40,563.67,670152
23-Oct-12,555.00,575.00,553.97,569.04,780317
22-Oct-12,559.10,574.55,557.94,567.20,850974
19-Oct-12,578.60,578.61,555.47,560.50,2024595
18-Oct-12,598.23,599.10,570.68,582.38,1456561
17-Oct-12,597.68,606.65,593.62,598.24,701085
16-Oct-12,605.04,608.88,595.76,597.77,722244
15-Oct-12,594.00,601.80,585.25,601.02,624969
12-Oct-12,589.75,596.05,588.90,593.15,801222
11-Oct-12,610.11,610.69,590.66,598.14,1249888
10-Oct-12,619.31,619.31,599.71,602.41,1320879
9-Oct-12,629.76,634.06,617.16,617.89,688842
8-Oct-12,627.55,632.93,622.15,630.96,486703
5-Oct-12,638.47,643.88,628.19,631.89,939211
4-Oct-12,624.96,637.58,623.12,635.04,745970
3-Oct-12,618.55,625.30,614.18,622.82,607900
2-Oct-12,627.90,628.67,611.44,616.28,898137
1-Oct-12,620.74,626.11,618.66,624.86,792220
28-Sep-12,628.00,629.30,617.59,619.07,914566
27-Sep-12,625.70,633.91,622.42,630.52,686223
26-Sep-12,631.12,636.38,617.32,622.09,953472
25-Sep-12,631.76,649.00,631.50,631.75,948209
24-Sep-12,631.74,633.66,628.15,631.18,465586
21-Sep-12,640.17,643.00,634.61,636.15,1096881
20-Sep-12,635.69,635.89,629.58,633.77,557278
19-Sep-12,641.01,644.17,636.55,639.03,529414
18-Sep-12,640.35,649.30,638.05,640.73,724462
17-Sep-12,636.85,646.08,634.61,643.35,1156853
14-Sep-12,628.15,645.06,627.84,637.48,1503183
13-Sep-12,619.95,629.78,617.68,626.93,758042
12-Sep-12,620.00,628.49,615.95,619.95,641275
11-Sep-12,608.60,621.25,606.11,617.76,899035
10-Sep-12,620.97,624.50,607.46,608.32,907779
7-Sep-12,612.50,622.89,612.11,621.55,1627449
6-Sep-12,599.57,609.24,597.26,604.00,1055502
5-Sep-12,597.50,601.72,594.45,595.18,480719
4-Sep-12,604.25,606.49,595.00,596.89,736360
31-Aug-12,606.47,610.23,598.01,604.57,919181
30-Aug-12,599.72,610.28,599.51,603.60,786166
29-Aug-12,591.82,606.63,591.02,603.21,982112
28-Aug-12,588.00,591.87,585.10,590.12,429534
27-Aug-12,593.81,594.95,587.56,588.40,516045
24-Aug-12,591.20,598.50,586.64,593.18,939642
23-Aug-12,590.87,597.57,590.17,593.53,983693
22-Aug-12,585.16,593.31,583.00,591.04,637590
21-Aug-12,588.92,599.85,579.81,585.76,1068992
20-Aug-12,585.00,587.62,580.00,586.61,903989
17-Aug-12,588.50,592.24,582.61,588.78,1060628
16-Aug-12,577.12,589.88,576.68,586.79,1306515
15-Aug-12,564.82,575.43,563.00,575.31,1090010
14-Aug-12,563.60,568.42,560.64,564.66,1024045
13-Aug-12,564.60,566.80,557.11,562.00,1010888
10-Aug-12,562.39,567.00,555.95,563.16,1632333
9-Aug-12,563.01,570.35,553.42,562.26,2430263
8-Aug-12,577.87,586.97,559.75,562.32,6686250
7-Aug-12,673.00,682.97,672.76,679.80,2844130
6-Aug-12,663.00,674.57,657.33,665.12,860596
3-Aug-12,667.76,673.83,658.96,663.99,1056058
2-Aug-12,636.76,656.47,634.01,649.01,981670
1-Aug-12,666.94,667.69,642.30,642.98,977012
31-Jul-12,680.00,681.64,660.87,661.74,1030880
30-Jul-12,687.04,692.25,672.26,682.54,929585
27-Jul-12,650.05,685.90,648.00,683.99,2400495
26-Jul-12,638.91,639.70,618.57,628.32,1287499
25-Jul-12,654.44,655.33,628.10,631.04,1400098
24-Jul-12,670.73,676.65,663.56,665.58,655606
23-Jul-12,659.36,672.07,652.50,669.11,816808
20-Jul-12,670.47,676.59,663.50,673.20,1054910
19-Jul-12,659.88,678.95,659.45,672.67,1134212
18-Jul-12,646.61,657.13,642.24,655.68,639403
17-Jul-12,640.14,649.85,636.07,647.37,669589
16-Jul-12,639.95,640.77,634.57,637.73,602671
13-Jul-12,642.05,646.80,635.26,642.95,776251
12-Jul-12,639.00,643.74,632.76,639.08,1028907
11-Jul-12,646.07,659.37,635.66,646.66,1127780
10-Jul-12,671.20,672.84,644.43,648.65,1019927
9-Jul-12,671.01,675.00,661.47,664.87,692698
6-Jul-12,674.90,676.00,664.12,671.66,767670
5-Jul-12,685.97,693.17,676.51,681.65,904100
3-Jul-12,684.84,695.15,683.01,690.55,690578
2-Jul-12,665.48,681.58,665.01,680.86,901781
29-Jun-12,657.63,665.41,653.51,664.52,1103302
28-Jun-12,648.30,649.63,633.00,643.48,720462
27-Jun-12,658.85,663.07,648.92,653.84,632700
26-Jun-12,653.29,659.70,647.14,656.36,481335
25-Jun-12,662.19,663.74,647.50,651.65,663660
22-Jun-12,660.21,667.22,655.01,666.98,759245
21-Jun-12,672.00,677.45,656.50,657.58,784327
20-Jun-12,678.69,679.74,665.77,670.82,851013
19-Jun-12,673.66,683.37,670.20,680.11,916050
18-Jun-12,656.32,675.00,654.00,673.50,948769
15-Jun-12,642.00,660.00,638.22,659.41,1572601
14-Jun-12,647.11,647.63,631.07,640.32,843572
13-Jun-12,643.23,653.53,641.50,646.50,768363
12-Jun-12,645.00,647.00,630.77,646.98,780173
11-Jun-12,653.74,657.55,641.00,641.71,845136
8-Jun-12,632.89,644.80,628.52,644.36,817020
7-Jun-12,653.50,659.17,634.30,636.15,1048213
6-Jun-12,625.58,643.00,623.33,642.51,1170542
5-Jun-12,615.21,628.00,613.43,619.83,586714
4-Jun-12,614.02,620.70,603.49,616.54,1082473
1-Jun-12,608.03,615.49,604.65,610.50,1032114
31-May-12,637.00,639.04,616.91,625.49,1308910
30-May-12,650.02,651.18,637.62,637.76,1069100
29-May-12,660.01,666.93,651.16,658.04,718435
25-May-12,668.40,668.97,652.12,652.88,678502
24-May-12,676.31,676.93,658.71,668.97,980671
23-May-12,657.07,675.07,652.61,673.12,1110140
22-May-12,659.53,679.09,655.74,660.08,1327217
21-May-12,635.03,658.84,635.00,657.68,1060944
18-May-12,648.85,650.73,630.13,632.00,1431689
17-May-12,663.77,665.49,645.00,645.41,1340401
16-May-12,664.90,674.80,656.99,662.24,1214032
15-May-12,664.59,675.60,658.97,662.33,1027476
14-May-12,669.50,673.88,662.18,663.18,1084243
11-May-12,671.49,684.84,670.02,675.39,1697762
10-May-12,703.12,706.00,680.23,681.11,3137172
9-May-12,708.74,733.05,707.20,718.95,2556667
8-May-12,736.01,739.99,705.01,716.20,2152763
7-May-12,736.38,752.46,734.53,737.65,1047860
4-May-12,745.31,747.00,734.31,736.06,1141552
3-May-12,763.05,764.59,745.55,749.73,898635
2-May-12,755.56,762.40,747.14,761.06,1129488
1-May-12,760.82,766.89,750.00,755.17,1050221
30-Apr-12,761.01,772.35,751.00,760.82,1253494
27-Apr-12,750.98,767.50,748.00,762.13,1850221
26-Apr-12,723.40,736.85,720.88,733.27,1082724
25-Apr-12,701.57,726.98,695.49,724.55,1360459
24-Apr-12,696.67,703.99,678.04,685.01,1069283
23-Apr-12,701.20,702.21,683.24,699.00,1284718
20-Apr-12,719.86,727.00,707.28,710.17,1020514
19-Apr-12,727.71,738.58,711.65,717.18,1170485
18-Apr-12,714.81,739.00,712.06,732.22,1347047
17-Apr-12,704.20,721.37,699.05,715.37,1119579
16-Apr-12,737.00,738.40,698.95,702.00,1915897
13-Apr-12,739.79,749.81,730.70,735.18,1258199
12-Apr-12,731.44,744.00,724.29,742.15,1218827
11-Apr-12,750.88,751.00,719.25,729.57,2149197
10-Apr-12,768.50,774.96,739.06,741.26,2382298
9-Apr-12,746.85,768.90,746.00,764.75,1272724
5-Apr-12,749.28,759.89,748.00,756.80,1577925
4-Apr-12,737.55,746.54,729.00,745.90,1525860
3-Apr-12,721.20,745.00,721.20,743.62,1505339
2-Apr-12,717.26,727.63,717.25,719.97,807698
30-Mar-12,725.00,729.06,715.90,717.50,882046
29-Mar-12,712.10,722.05,709.09,720.04,1033364
28-Mar-12,729.45,734.63,709.43,718.20,1160075
27-Mar-12,735.39,736.45,727.20,728.85,955132
26-Mar-12,722.01,736.92,718.85,735.40,1307828
23-Mar-12,713.95,717.17,707.00,714.99,1032580
22-Mar-12,700.28,713.53,699.50,711.99,975710
21-Mar-12,695.56,709.31,695.25,703.65,1084140
20-Mar-12,693.30,698.04,686.15,696.46,847289
19-Mar-12,678.86,699.89,678.51,696.93,1115003
16-Mar-12,657.25,675.64,657.25,675.50,1264638
15-Mar-12,649.99,659.67,646.07,657.25,690049
14-Mar-12,653.15,653.54,643.90,650.75,614163
13-Mar-12,654.96,655.33,647.08,653.79,549976
12-Mar-12,647.45,653.38,644.62,650.95,564175
9-Mar-12,655.00,655.09,647.00,647.45,979986
8-Mar-12,647.43,654.90,641.26,653.82,866393
7-Mar-12,636.00,643.82,635.51,641.60,1429123
6-Mar-12,634.53,638.52,628.20,629.74,862469
5-Mar-12,647.03,649.70,635.20,642.69,882160
2-Mar-12,637.42,646.00,635.66,645.86,1145959
1-Mar-12,626.03,638.56,626.00,637.32,1054373
29-Feb-12,632.40,634.66,626.42,627.02,1249793
28-Feb-12,634.81,637.88,627.31,632.76,2768158
27-Feb-12,594.95,597.00,587.13,591.54,1882400
24-Feb-12,590.17,595.84,589.77,590.41,945994
23-Feb-12,588.53,593.82,585.24,587.40,717386
22-Feb-12,585.00,591.00,581.25,587.72,868190
21-Feb-12,585.52,593.00,579.28,584.75,814116
17-Feb-12,571.58,583.50,571.27,582.52,761837
16-Feb-12,570.39,574.24,558.15,571.32,745356
15-Feb-12,581.02,584.88,568.61,570.30,944803
14-Feb-12,569.42,588.56,569.42,576.94,1231819
13-Feb-12,549.43,573.13,547.10,571.15,1381821
10-Feb-12,533.65,546.90,533.24,545.04,1014940
9-Feb-12,537.46,542.96,533.23,540.13,689536
8-Feb-12,527.54,538.81,527.38,538.37,915769
7-Feb-12,535.80,538.75,527.62,529.19,907612
6-Feb-12,544.80,547.60,536.61,536.73,717055
3-Feb-12,538.63,549.00,537.52,546.98,826724
2-Feb-12,535.00,536.50,529.93,533.83,500625
1-Feb-12,533.41,536.46,522.37,535.90,827982
31-Jan-12,525.50,531.00,523.60,529.49,688825
30-Jan-12,522.95,524.16,518.60,522.41,535453
27-Jan-12,523.80,527.38,520.73,525.86,475627
26-Jan-12,530.00,537.56,523.00,524.66,684943
25-Jan-12,523.47,529.92,518.66,528.35,535855
24-Jan-12,514.46,525.50,512.60,523.73,533404
23-Jan-12,517.12,525.05,514.00,518.02,643503
20-Jan-12,521.47,521.97,514.30,518.58,903940
19-Jan-12,520.00,527.05,520.00,526.07,756241
18-Jan-12,497.00,519.39,496.00,518.83,1226382
17-Jan-12,487.57,501.60,485.37,498.21,905855
13-Jan-12,472.61,483.00,469.28,482.43,642431
12-Jan-12,477.57,479.49,471.11,476.18,558512
11-Jan-12,483.00,484.96,476.76,477.70,464498
10-Jan-12,481.63,486.21,480.02,484.28,669505
9-Jan-12,482.19,485.00,472.40,476.08,729600
6-Jan-12,487.83,489.28,483.11,485.75,330722
5-Jan-12,479.08,488.00,473.42,486.21,744108
4-Jan-12,485.47,485.66,476.20,480.91,548885
3-Jan-12,475.00,486.54,474.65,485.15,724197
30-Dec-11,474.70,477.90,467.50,467.71,476333
29-Dec-11,476.31,477.59,465.85,476.00,446715
28-Dec-11,483.00,483.91,474.26,475.40,519649
27-Dec-11,480.00,487.24,479.29,484.21,374941
23-Dec-11,482.33,483.61,478.12,481.73,431999
22-Dec-11,472.59,482.61,470.84,479.69,708660
21-Dec-11,478.25,478.80,464.51,472.33,898027
20-Dec-11,466.01,480.09,466.01,480.09,1097805
19-Dec-11,456.65,465.45,455.10,459.73,865488
16-Dec-11,450.00,457.68,448.13,457.08,1334104
15-Dec-11,450.05,452.50,438.76,445.39,1631760
14-Dec-11,462.06,463.12,441.60,445.19,1701831
13-Dec-11,476.14,481.66,461.40,462.69,806408
12-Dec-11,474.50,476.27,468.00,475.39,629365
9-Dec-11,480.00,482.00,474.38,479.74,763640
8-Dec-11,482.86,486.00,477.00,479.46,860522
7-Dec-11,476.71,486.39,472.00,484.29,994017
6-Dec-11,482.77,485.88,473.36,479.10,860734
5-Dec-11,495.63,495.63,478.99,484.02,888060
2-Dec-11,497.42,498.82,485.00,486.48,979045
1-Dec-11,483.87,493.27,482.01,488.43,816423
30-Nov-11,478.89,486.45,472.94,485.89,1160860
29-Nov-11,475.41,475.50,460.66,463.00,895114
28-Nov-11,474.51,483.03,468.75,472.50,895369
25-Nov-11,462.97,466.97,456.27,459.18,447704
23-Nov-11,478.00,479.39,464.03,464.53,895199
22-Nov-11,472.78,485.99,472.16,481.07,894740
21-Nov-11,486.97,494.91,474.38,477.65,1226399
18-Nov-11,514.63,515.63,493.62,496.92,1682454
17-Nov-11,538.05,541.00,511.41,513.40,1594376
16-Nov-11,541.37,548.00,537.00,538.33,1007066
15-Nov-11,531.54,549.76,530.17,546.82,1188898
14-Nov-11,530.98,544.38,530.16,534.40,1054544
11-Nov-11,535.11,535.47,525.07,533.31,1225493
10-Nov-11,542.34,543.00,525.55,528.36,1368194
9-Nov-11,543.00,547.79,535.10,536.55,1819373
8-Nov-11,520.00,553.33,519.63,552.85,3904174
7-Nov-11,517.24,519.00,503.20,509.00,2455386
4-Nov-11,509.00,516.98,498.00,513.37,1638717
3-Nov-11,498.57,511.77,490.31,511.71,1017277
2-Nov-11,496.15,497.23,487.00,493.64,968098
1-Nov-11,492.08,499.23,478.65,489.02,1476296
31-Oct-11,519.00,522.00,507.69,507.72,971862
28-Oct-11,515.00,526.75,511.00,523.68,995704
27-Oct-11,512.38,524.42,510.69,520.55,1542916
26-Oct-11,510.11,513.61,480.32,495.63,1489327
25-Oct-11,517.02,522.99,503.67,505.06,1147211
24-Oct-11,494.00,521.24,491.85,519.82,1232984
21-Oct-11,479.72,495.79,478.32,495.46,1450954
20-Oct-11,478.47,480.50,468.67,473.82,953929
19-Oct-11,490.82,493.26,473.81,479.00,1166862
18-Oct-11,492.16,496.72,475.90,493.21,1122030
17-Oct-11,495.29,506.87,491.47,492.85,709973
14-Oct-11,503.13,503.35,492.51,499.13,761691
13-Oct-11,485.06,495.75,483.93,493.77,1106607
12-Oct-11,499.45,503.98,485.11,485.54,1427687
11-Oct-11,480.95,494.64,478.62,493.26,1049363
10-Oct-11,475.75,483.95,474.00,483.85,960476
7-Oct-11,474.12,474.84,457.80,467.73,1545446
6-Oct-11,447.78,472.83,444.28,469.56,1935362
5-Oct-11,441.17,449.50,424.12,445.67,1882947
4-Oct-11,440.70,447.97,411.26,444.00,2651140
3-Oct-11,454.35,467.00,445.29,445.75,1940255
30-Sep-11,469.12,472.27,449.33,449.46,2199623
29-Sep-11,506.03,506.78,463.15,478.02,2383704
28-Sep-11,512.74,518.00,495.34,498.09,1080110
27-Sep-11,523.49,523.58,504.06,511.12,1323642
26-Sep-11,514.70,515.99,492.00,513.59,1476728
23-Sep-11,503.00,517.61,500.70,514.61,1342718
22-Sep-11,516.39,521.49,499.25,505.57,1832243
21-Sep-11,538.00,549.96,531.00,531.27,1137311
20-Sep-11,533.09,554.00,528.00,537.24,1734941
19-Sep-11,518.34,536.45,510.54,531.45,1155451
16-Sep-11,528.62,531.17,523.13,525.47,1341141
15-Sep-11,533.68,534.70,522.70,524.00,943786
14-Sep-11,524.93,539.00,513.00,529.56,1473316
13-Sep-11,530.47,530.70,516.60,523.03,1001363
12-Sep-11,511.45,531.77,508.14,528.87,1197369
9-Sep-11,534.89,538.04,516.90,520.75,1613232
8-Sep-11,538.65,549.33,533.10,538.39,1483899
7-Sep-11,540.00,542.51,533.00,542.14,1078669
6-Sep-11,517.49,534.20,514.01,533.70,1207612
2-Sep-11,519.96,530.49,518.10,528.19,788271
1-Sep-11,537.26,541.47,529.08,529.84,857759
31-Aug-11,539.40,542.69,529.54,537.26,1302548
30-Aug-11,520.49,541.78,518.51,535.22,1586272
29-Aug-11,510.00,522.32,509.06,521.01,1118793
26-Aug-11,477.99,503.81,475.50,503.47,1345603
25-Aug-11,487.64,494.98,480.95,483.56,991527
24-Aug-11,478.89,487.97,475.00,485.50,1598844
23-Aug-11,450.13,477.48,447.73,476.61,1467948
22-Aug-11,458.50,463.99,441.55,446.32,1642616
19-Aug-11,452.00,477.80,445.15,448.95,2202279
18-Aug-11,476.57,476.85,450.15,458.80,2016979
17-Aug-11,499.20,505.51,486.00,491.85,1018166
16-Aug-11,506.73,508.26,489.00,497.32,1817060
15-Aug-11,504.66,514.93,500.39,514.35,1064028
12-Aug-11,505.72,509.99,498.00,503.11,948547
11-Aug-11,501.95,508.06,485.33,500.16,1852005
10-Aug-11,503.16,512.95,497.50,498.80,2170105
9-Aug-11,511.00,525.10,490.50,517.42,2467072
8-Aug-11,510.25,523.49,503.94,505.00,2461760
5-Aug-11,537.60,540.90,510.52,527.81,4050361
4-Aug-11,518.01,519.45,480.84,483.34,3017791
3-Aug-11,510.69,525.39,501.31,521.97,1203155
2-Aug-11,536.10,525.39,501.31,511.25,1791649
1-Aug-11,547.23,547.88,527.69,538.86,1142556
29-Jul-11,528.18,542.87,526.00,537.65,1359250
28-Jul-11,516.70,529.97,511.85,522.29,953274
27-Jul-11,532.38,534.70,516.01,517.21,670105
26-Jul-11,530.33,538.46,530.33,533.67,549483
25-Jul-11,529.00,540.00,529.00,529.75,450862
22-Jul-11,527.18,533.27,525.00,530.37,671764
21-Jul-11,527.90,542.50,523.68,526.01,987182
20-Jul-11,538.02,538.62,529.15,529.95,511935
19-Jul-11,521.98,538.86,520.49,537.50,954384
18-Jul-11,520.60,521.39,510.16,516.66,606881
15-Jul-11,522.28,526.85,515.80,522.50,711348
14-Jul-11,534.77,537.69,518.50,519.72,756575
13-Jul-11,534.14,541.97,530.00,532.27,812480
12-Jul-11,534.58,535.49,526.20,528.57,1138400
11-Jul-11,544.00,548.75,535.20,536.55,1100319
8-Jul-11,538.69,552.15,535.26,552.15,1087118
7-Jul-11,541.74,549.60,540.17,547.34,905647
6-Jul-11,534.84,538.96,530.04,536.13,647380
5-Jul-11,525.00,537.10,521.11,535.37,880118
1-Jul-11,513.39,525.24,510.00,524.80,1058528
30-Jun-11,507.61,514.51,505.62,511.93,1006858
29-Jun-11,497.60,507.10,492.41,503.88,1188538
28-Jun-11,489.35,495.65,486.62,495.40,1160692
27-Jun-11,483.74,489.69,483.74,487.10,754341
24-Jun-11,490.43,490.59,480.05,482.97,1399492
23-Jun-11,474.24,490.69,473.10,490.00,1138782
22-Jun-11,485.11,489.38,480.34,480.66,930826
21-Jun-11,461.56,489.56,458.95,487.61,1747521
20-Jun-11,456.36,465.46,451.75,458.78,808245
17-Jun-11,466.40,467.92,460.16,462.35,1345893
16-Jun-11,470.15,471.91,452.34,461.71,1633590
15-Jun-11,476.75,480.99,468.51,471.17,1043512
14-Jun-11,486.40,489.33,477.14,480.72,1105462
13-Jun-11,495.50,497.60,480.00,482.13,1167830
10-Jun-11,501.86,502.90,491.38,493.18,856434
9-Jun-11,501.12,506.28,495.70,503.17,522557
8-Jun-11,504.52,509.81,497.19,500.68,786594
7-Jun-11,504.68,511.28,501.26,506.12,683384
6-Jun-11,508.63,510.38,501.03,502.87,785483
3-Jun-11,506.38,516.36,505.00,507.80,897159
2-Jun-11,507.99,514.98,504.14,512.78,757214
1-Jun-11,514.18,519.39,506.06,507.06,958622
31-May-11,506.05,515.19,505.15,515.19,865116
27-May-11,505.39,509.65,500.55,501.44,627003
26-May-11,497.50,507.45,496.74,505.11,809241
25-May-11,488.51,502.77,487.70,498.81,1047938
24-May-11,504.00,504.68,489.00,490.92,1639449
23-May-11,512.95,513.58,501.04,501.66,1380083
20-May-11,521.17,525.99,519.60,520.08,764534
19-May-11,519.87,527.50,519.23,522.10,823746
18-May-11,505.10,521.01,502.79,518.38,1290913
17-May-11,499.86,505.39,493.67,504.40,1283758
16-May-11,518.01,519.33,498.61,503.38,1466800
13-May-11,524.34,530.68,520.50,520.61,842370
12-May-11,520.50,527.04,514.10,523.96,989568
11-May-11,528.50,530.15,518.00,520.99,818287
10-May-11,531.30,531.92,524.28,528.50,1246987
9-May-11,519.25,532.00,517.58,529.20,1230104
6-May-11,530.50,540.93,518.10,519.03,3352440
5-May-11,535.50,545.50,531.18,533.97,2254595
4-May-11,539.99,544.23,528.00,537.56,1139672
3-May-11,556.47,561.00,537.03,540.11,1163507
2-May-11,551.82,561.88,551.22,555.65,1228679
29-Apr-11,550.23,556.27,545.95,547.01,1132178
28-Apr-11,538.87,551.17,537.58,550.03,832187
27-Apr-11,538.66,544.56,534.80,539.45,728976
26-Apr-11,544.94,546.20,532.37,537.69,809097
25-Apr-11,544.80,547.91,542.23,544.31,567352
21-Apr-11,533.14,544.27,530.36,543.95,902732
20-Apr-11,530.60,537.00,530.02,531.35,1011882
19-Apr-11,517.00,525.57,512.67,525.53,821344
18-Apr-11,517.28,517.85,507.55,516.78,1016645
15-Apr-11,512.88,520.34,509.35,520.07,934245
14-Apr-11,511.79,514.00,508.01,512.65,960047
13-Apr-11,514.25,516.30,509.50,514.81,834334
12-Apr-11,509.99,515.00,505.50,512.14,946078
11-Apr-11,507.86,512.50,500.47,512.45,1074797
8-Apr-11,514.00,515.98,504.55,506.82,927065
7-Apr-11,506.38,511.85,502.22,508.86,956540
6-Apr-11,520.00,521.00,503.54,506.27,1306946
5-Apr-11,516.65,522.00,514.81,516.94,710784
4-Apr-11,515.21,518.68,509.50,518.59,885104
1-Apr-11,508.18,515.64,507.83,513.85,1393791
31-Mar-11,503.02,509.00,500.60,506.44,1087734
30-Mar-11,495.01,506.69,493.63,504.00,1237836
29-Mar-11,482.84,493.44,481.00,491.69,981828
28-Mar-11,488.47,491.36,483.99,483.99,771326
25-Mar-11,480.13,490.39,478.16,487.00,1236035
24-Mar-11,470.52,478.00,468.00,476.01,1192063
23-Mar-11,454.55,467.99,450.06,466.26,1175490
22-Mar-11,458.00,462.19,448.72,455.70,1331930
21-Mar-11,453.00,458.47,443.12,456.93,1033026
18-Mar-11,456.88,457.79,448.50,449.54,1352527
17-Mar-11,462.50,462.50,451.77,452.19,916831
16-Mar-11,459.12,466.53,450.00,455.96,1317801
15-Mar-11,451.63,464.35,451.25,461.34,1221832
14-Mar-11,459.21,464.50,455.44,463.61,897770
11-Mar-11,462.20,466.76,457.30,463.19,925441
10-Mar-11,461.26,468.69,457.22,464.41,1325851
9-Mar-11,464.67,474.36,464.67,468.52,1126887
8-Mar-11,464.55,471.70,460.11,469.08,1273667
7-Mar-11,470.00,474.74,459.26,466.69,1449990
4-Mar-11,462.87,469.74,461.56,469.13,1346961
3-Mar-11,453.75,464.80,453.75,464.79,1546753
2-Mar-11,443.27,454.49,443.01,449.18,1300132
1-Mar-11,450.00,452.24,440.81,445.23,1795271
28-Feb-11,460.75,463.99,450.23,453.88,1333227
25-Feb-11,465.94,465.97,459.51,460.03,1230001
24-Feb-11,466.61,469.40,453.11,462.34,4462269
23-Feb-11,433.01,438.88,416.00,425.99,2583447
22-Feb-11,443.58,444.91,430.30,433.78,1333463
18-Feb-11,455.50,457.58,446.46,448.93,968679
17-Feb-11,457.79,462.35,453.95,455.27,709879
16-Feb-11,457.85,461.60,455.82,458.04,658630
15-Feb-11,454.00,464.47,452.54,457.20,888106
14-Feb-11,458.00,459.57,453.53,457.01,666856
11-Feb-11,450.73,457.73,448.55,455.38,1167239
10-Feb-11,449.69,456.50,445.22,455.43,1100457
9-Feb-11,441.96,459.10,440.44,451.11,1364499
8-Feb-11,435.94,443.40,435.27,442.75,801713
7-Feb-11,436.00,441.62,431.06,437.20,955721
4-Feb-11,436.98,440.00,433.03,433.43,1114234
3-Feb-11,435.48,441.00,435.25,435.99,778272
2-Feb-11,435.34,441.79,435.32,437.19,559596
1-Feb-11,432.00,444.95,431.94,437.93,1033046
31-Jan-11,425.40,429.87,421.76,428.52,706437
28-Jan-11,435.63,439.00,424.00,425.31,1278596
27-Jan-11,423.63,439.17,423.41,437.14,1118628
26-Jan-11,428.21,428.97,421.02,422.70,912049
25-Jan-11,420.45,428.86,418.80,428.86,724219
24-Jan-11,425.04,426.86,417.32,423.80,708215
21-Jan-11,425.31,431.01,424.35,425.60,1137188
20-Jan-11,429.78,429.78,416.00,424.22,1425719
19-Jan-11,440.11,440.91,429.56,432.03,826989
18-Jan-11,437.21,441.50,437.21,440.91,693486
14-Jan-11,438.13,439.48,435.00,437.99,789943
13-Jan-11,435.23,440.60,433.42,439.51,615932
12-Jan-11,433.24,435.47,431.74,434.24,586024
11-Jan-11,442.80,443.19,429.13,431.21,1445521
10-Jan-11,437.79,441.50,435.15,440.56,616637
7-Jan-11,439.20,441.89,434.45,440.59,1098781
6-Jan-11,433.96,441.54,430.09,437.32,1634419
5-Jan-11,410.64,434.95,410.64,433.60,2409185
4-Jan-11,415.74,417.62,408.30,409.38,1088446
3-Jan-11,402.25,415.99,402.25,415.99,1323664
31-Dec-10,403.07,403.59,399.18,399.55,584812
30-Dec-10,404.92,407.50,400.11,404.27,433200
29-Dec-10,405.12,408.31,402.58,405.70,536336
28-Dec-10,409.51,409.81,403.64,404.80,419932
27-Dec-10,410.09,412.96,404.20,408.24,605054
23-Dec-10,416.60,416.90,410.14,413.19,597753
22-Dec-10,415.09,420.86,413.81,416.17,1096971
21-Dec-10,405.73,409.91,401.42,407.00,645905
20-Dec-10,402.41,408.20,392.90,405.33,1336388
17-Dec-10,400.53,405.28,399.61,400.64,1313038
16-Dec-10,398.71,404.50,396.00,400.28,657024
15-Dec-10,397.57,406.43,395.27,398.88,748413
14-Dec-10,412.01,412.78,397.08,400.24,1180088
13-Dec-10,422.57,422.58,411.50,412.00,1086629
10-Dec-10,414.33,423.70,413.50,419.97,901439
9-Dec-10,419.96,420.99,411.51,415.15,523680
8-Dec-10,413.63,416.53,409.18,416.03,586009
7-Dec-10,425.43,425.98,412.10,412.93,889551
6-Dec-10,416.69,423.19,416.21,417.16,909212
3-Dec-10,399.00,414.92,398.15,414.11,1088453
2-Dec-10,402.57,407.49,398.18,402.99,877988
1-Dec-10,402.43,410.50,402.10,403.10,1027139
30-Nov-10,400.00,401.43,392.05,394.05,1706103
29-Nov-10,409.69,410.07,401.81,404.66,987208
26-Nov-10,408.54,412.50,407.04,410.87,394606
24-Nov-10,413.99,415.95,410.21,411.24,806900
23-Nov-10,414.80,416.97,405.14,407.85,1084133
22-Nov-10,408.23,420.89,406.65,420.42,1025108
19-Nov-10,410.70,413.57,408.88,409.59,694692
18-Nov-10,410.00,415.25,408.76,410.65,718646
17-Nov-10,399.28,408.40,395.79,404.68,1083020
16-Nov-10,404.35,407.13,398.18,399.00,1035258
15-Nov-10,415.13,415.45,406.00,407.43,758839
12-Nov-10,416.33,418.00,405.32,414.93,1298144
11-Nov-10,414.41,421.39,413.75,419.57,1057125
10-Nov-10,421.56,423.90,411.45,419.07,1303615
9-Nov-10,421.00,428.10,419.00,420.65,3452804
8-Nov-10,391.28,393.33,384.25,388.58,2491225
5-Nov-10,381.45,388.88,380.20,388.87,1042926
4-Nov-10,386.41,387.95,376.90,380.12,1244263
3-Nov-10,382.00,383.00,374.80,379.99,1304308
2-Nov-10,377.19,382.99,375.10,381.19,913136
1-Nov-10,381.10,381.70,371.00,374.04,877593
29-Oct-10,369.51,383.11,369.00,376.81,1422947
28-Oct-10,375.15,375.84,365.30,367.58,813056
27-Oct-10,373.95,379.58,371.95,372.50,1047799
26-Oct-10,370.46,374.99,369.00,374.44,1034876
25-Oct-10,367.00,375.50,364.00,371.93,1331494
22-Oct-10,344.90,364.93,344.05,363.50,1512892
21-Oct-10,348.99,349.60,341.24,343.70,1225389
20-Oct-10,348.95,351.50,342.95,347.57,819633
19-Oct-10,348.61,352.48,342.05,345.51,914043
18-Oct-10,353.38,357.28,350.06,353.76,760811
15-Oct-10,354.86,357.89,351.04,354.60,1400923
14-Oct-10,340.15,350.29,337.47,349.06,1378161
13-Oct-10,343.99,345.98,338.77,341.04,1267839
12-Oct-10,332.63,336.43,330.07,336.18,1160713
11-Oct-10,340.72,341.99,331.33,332.35,984007
8-Oct-10,336.59,343.89,334.30,340.90,1283108
7-Oct-10,334.02,334.99,325.00,330.86,1051934
6-Oct-10,343.06,343.10,329.90,332.69,1138275
5-Oct-10,336.27,344.94,334.03,344.94,1206495
4-Oct-10,337.21,340.94,328.11,331.64,960689
1-Oct-10,351.60,351.61,334.00,337.82,1660715
30-Sep-10,354.00,358.24,342.74,348.34,1242124
29-Sep-10,348.17,352.00,345.22,348.13,576182
28-Sep-10,345.18,350.82,339.38,349.93,1126656
27-Sep-10,346.32,348.57,340.90,345.16,829041
24-Sep-10,344.35,346.68,341.00,344.27,932359
23-Sep-10,335.60,343.34,333.55,337.20,986135
22-Sep-10,343.00,343.95,336.15,338.15,824612
21-Sep-10,347.75,347.75,338.56,341.02,1276628
20-Sep-10,339.61,349.97,339.61,347.46,1898541
17-Sep-10,333.17,334.96,326.25,334.95,1298607
16-Sep-10,331.53,333.88,327.80,332.38,627276
15-Sep-10,334.74,334.88,329.65,332.06,998144
14-Sep-10,330.74,336.58,327.23,334.77,1187276
13-Sep-10,326.00,330.90,323.25,330.30,871158
10-Sep-10,324.83,328.87,322.57,323.15,756918
9-Sep-10,332.89,333.74,320.75,323.80,1416987
8-Sep-10,314.44,328.77,314.07,328.77,1661619
7-Sep-10,313.99,315.47,311.11,311.55,733936
3-Sep-10,315.00,318.00,311.35,313.85,923384
2-Sep-10,306.85,314.63,306.17,311.28,937623
1-Sep-10,297.57,306.84,294.02,306.84,1280858
31-Aug-10,288.00,294.80,287.80,291.48,818087
30-Aug-10,297.53,297.62,289.44,289.68,660567
27-Aug-10,287.50,298.00,283.11,297.68,1241878
26-Aug-10,296.29,296.50,285.79,285.79,993359
25-Aug-10,289.41,296.99,288.30,294.90,1085847
24-Aug-10,295.89,296.11,290.00,291.80,1373665
23-Aug-10,304.10,306.74,299.51,299.82,908841
20-Aug-10,298.55,303.21,296.44,302.36,922945
19-Aug-10,296.82,308.95,293.88,299.47,1219790
18-Aug-10,302.97,309.46,296.76,297.63,1521450
17-Aug-10,297.95,307.50,296.06,303.57,1983875
16-Aug-10,295.34,299.20,293.00,294.52,972294
13-Aug-10,299.50,301.98,294.49,297.19,1158320
12-Aug-10,287.00,300.85,285.69,299.60,1742215
11-Aug-10,289.50,291.82,285.35,289.10,1229740
10-Aug-10,289.25,295.87,287.23,294.01,1495588
9-Aug-10,296.60,296.70,290.01,292.73,1457878
6-Aug-10,289.95,298.99,288.69,295.25,3189055
5-Aug-10,279.49,292.67,277.00,292.67,2906909
4-Aug-10,272.29,286.85,272.24,281.30,6828113
3-Aug-10,227.51,234.40,226.15,230.67,2660174
2-Aug-10,226.90,230.00,225.34,227.38,851427
30-Jul-10,222.77,227.35,220.00,224.40,1096710
29-Jul-10,224.00,226.49,217.72,224.19,921715
28-Jul-10,223.95,227.93,221.59,224.07,745360
27-Jul-10,232.64,234.45,223.88,224.03,1236055
26-Jul-10,228.80,231.86,226.33,231.55,679836
23-Jul-10,225.50,228.76,223.70,228.64,1067992
22-Jul-10,221.56,228.50,221.25,227.92,1094651
21-Jul-10,223.27,224.69,217.62,218.43,918024
20-Jul-10,216.04,221.85,216.03,221.64,1050043
19-Jul-10,218.82,222.40,217.55,220.05,984714
16-Jul-10,223.17,225.00,216.50,218.21,1555747
15-Jul-10,214.34,223.30,212.35,222.61,1743524
14-Jul-10,216.50,216.50,211.14,215.35,1376892
13-Jul-10,207.10,218.99,205.91,216.32,2259808
12-Jul-10,204.14,205.52,201.00,204.00,1006722
9-Jul-10,199.75,204.60,196.70,204.09,1748795
8-Jul-10,193.70,199.95,193.00,199.28,1949339
7-Jul-10,182.27,190.84,181.26,190.73,1473179
6-Jul-10,179.14,183.00,176.99,181.50,1489394
2-Jul-10,181.23,181.23,175.75,176.41,1423066
1-Jul-10,176.66,182.44,173.75,182.03,1463405
30-Jun-10,179.58,183.95,175.66,176.54,1310897
29-Jun-10,184.25,185.53,179.19,180.29,1357278
28-Jun-10,192.26,193.73,186.67,187.93,976043
25-Jun-10,184.24,192.99,184.23,191.99,1229983
24-Jun-10,187.96,190.97,184.01,185.11,1209927
23-Jun-10,189.30,190.41,185.42,188.25,811462
22-Jun-10,189.86,194.71,188.58,188.95,1200728
21-Jun-10,196.86,197.22,187.62,189.25,1412266
18-Jun-10,195.50,195.63,191.59,193.09,1425914
17-Jun-10,198.87,199.50,193.01,195.26,1328932
16-Jun-10,192.99,198.80,192.72,196.41,2241557
15-Jun-10,186.49,187.38,184.16,185.77,908633
14-Jun-10,186.33,187.60,183.90,184.14,975454
11-Jun-10,178.95,184.44,178.38,183.91,921290
10-Jun-10,178.90,181.61,176.56,181.24,1240552
9-Jun-10,178.35,182.24,174.69,175.19,1523949
8-Jun-10,177.65,180.34,173.32,176.73,1806075
7-Jun-10,179.60,182.68,176.28,176.39,1431447
4-Jun-10,180.36,188.80,177.64,178.54,1829334
3-Jun-10,189.52,189.82,182.18,185.11,1816498
2-Jun-10,185.60,189.83,183.86,189.83,1596256
1-Jun-10,191.12,192.86,184.88,185.01,1474223
28-May-10,197.67,197.88,190.50,191.16,1650698
27-May-10,197.86,198.68,191.39,197.59,1462789
26-May-10,197.02,200.97,191.77,192.42,2386976
25-May-10,186.54,194.25,185.13,193.44,1678424
24-May-10,193.79,197.50,192.68,193.14,2303864
21-May-10,177.13,191.80,176.00,191.24,2888069
20-May-10,182.61,188.08,179.10,181.00,2695925
19-May-10,191.21,196.00,184.21,190.11,2592784
18-May-10,201.73,206.77,192.60,192.86,2493267
17-May-10,206.56,206.99,196.01,200.15,2250954
14-May-10,208.86,210.19,204.00,208.28,1525600
13-May-10,215.64,221.18,211.86,212.89,1472700
12-May-10,221.75,221.75,213.46,217.88,2310144
11-May-10,212.35,222.74,208.89,219.57,7083708
10-May-10,241.75,249.79,240.15,249.75,3046500
7-May-10,231.97,236.88,224.40,225.39,1731657
6-May-10,243.79,248.21,202.69,233.10,2552164
5-May-10,251.49,256.26,241.02,246.98,1616399
4-May-10,265.00,265.63,256.28,258.37,1018392
3-May-10,264.53,270.49,264.50,269.08,687414
30-Apr-10,273.84,273.87,261.51,262.05,903183
29-Apr-10,263.20,273.93,263.20,273.00,902807
28-Apr-10,265.55,268.51,258.51,261.78,1135537
27-Apr-10,268.50,269.95,262.34,264.30,999319
26-Apr-10,263.52,273.82,262.80,270.36,1215026
23-Apr-10,259.29,264.00,255.09,261.70,742256
22-Apr-10,251.64,258.98,248.64,258.31,733986
21-Apr-10,253.49,256.19,250.16,253.15,585851
20-Apr-10,251.12,256.95,249.04,255.28,982351
19-Apr-10,253.66,254.34,244.20,247.58,1158019
16-Apr-10,263.07,263.76,252.78,254.86,1148257
15-Apr-10,264.06,266.88,262.55,264.98,764108
14-Apr-10,256.04,265.65,256.04,265.26,878585
13-Apr-10,254.33,257.71,251.13,257.60,1159663
12-Apr-10,260.25,262.92,259.49,260.23,413271
9-Apr-10,260.44,260.44,256.31,259.49,492943
8-Apr-10,259.09,260.86,256.51,259.31,859878
7-Apr-10,262.98,267.02,258.00,259.81,989407
6-Apr-10,255.15,262.96,255.15,261.60,808436
5-Apr-10,257.98,259.16,255.15,257.65,811390
31-Mar-10,255.51,258.96,253.01,255.00,862164
30-Mar-10,255.50,258.06,253.10,255.99,587831
29-Mar-10,257.12,259.92,254.39,255.67,1088223
26-Mar-10,254.95,256.24,250.02,252.11,783338
25-Mar-10,246.60,262.67,246.50,255.03,2304847
24-Mar-10,242.52,244.48,241.57,243.80,595867
23-Mar-10,244.13,244.80,238.69,244.41,793002
22-Mar-10,238.34,243.51,236.67,243.02,603260
19-Mar-10,244.61,244.61,238.47,239.01,1016053
18-Mar-10,243.95,244.90,240.37,242.81,528358
17-Mar-10,242.79,246.01,239.65,242.92,858708
16-Mar-10,239.00,242.25,237.41,241.81,617594
15-Mar-10,239.34,240.00,234.36,238.86,443566
12-Mar-10,242.59,243.70,237.67,238.91,717952
11-Mar-10,240.99,242.41,237.61,242.21,624499
10-Mar-10,238.15,243.52,238.00,240.99,792715
9-Mar-10,239.17,243.15,236.37,238.33,903760
8-Mar-10,236.00,240.98,233.70,240.18,1269206
5-Mar-10,236.58,236.99,231.42,235.34,2236612
4-Mar-10,233.00,237.83,229.51,233.12,1594711
3-Mar-10,241.50,241.50,235.00,235.82,964167
2-Mar-10,241.04,245.00,238.90,241.34,1836804
1-Mar-10,228.77,238.99,227.64,238.54,1658578
26-Feb-10,224.00,226.99,221.06,226.71,987544
25-Feb-10,222.38,224.70,218.50,223.87,1068859
24-Feb-10,226.00,226.87,221.06,225.02,898482
23-Feb-10,229.45,229.50,223.60,225.09,1151886
22-Feb-10,231.75,232.23,226.24,229.07,880587
19-Feb-10,232.50,233.66,229.67,230.57,1406048
18-Feb-10,227.85,235.80,226.02,232.95,3967842
17-Feb-10,213.29,215.73,209.37,212.87,2011522
16-Feb-10,208.75,212.25,208.75,211.21,847787
12-Feb-10,206.50,208.03,203.75,207.78,830475
11-Feb-10,204.05,209.64,203.11,208.90,858214
10-Feb-10,205.80,208.44,203.63,206.40,737538
9-Feb-10,203.50,206.33,203.23,205.38,991830
8-Feb-10,199.45,204.16,198.53,200.62,966202
5-Feb-10,201.00,201.91,193.37,196.96,1287117
4-Feb-10,207.30,208.51,199.71,200.01,1137862
3-Feb-10,201.98,211.52,201.98,208.53,1047760
2-Feb-10,205.25,205.82,201.73,204.42,608279
1-Feb-10,196.52,204.53,192.72,204.20,1312776
29-Jan-10,203.96,205.00,193.46,195.35,1089731
28-Jan-10,208.12,209.70,201.39,201.68,672408
27-Jan-10,203.66,208.49,203.18,207.52,676759
26-Jan-10,202.41,207.21,200.84,204.44,767313
25-Jan-10,205.41,206.01,199.89,202.84,653107
22-Jan-10,207.86,209.56,202.81,204.20,838218
21-Jan-10,205.88,211.11,205.54,208.04,842910
20-Jan-10,206.53,211.50,203.09,206.31,673568
19-Jan-10,208.55,212.45,207.79,208.70,625693
15-Jan-10,208.21,210.50,205.55,208.77,1210822
14-Jan-10,212.97,214.73,206.01,208.77,1402777
13-Jan-10,214.45,215.92,207.76,214.30,841139
12-Jan-10,216.06,216.99,210.25,213.98,1222265
11-Jan-10,217.80,219.50,212.25,218.91,784533
8-Jan-10,213.10,218.43,212.13,216.21,756593
7-Jan-10,219.62,220.50,214.12,216.13,768746
6-Jan-10,225.12,226.42,218.15,219.08,1007726
5-Jan-10,224.10,228.00,222.16,226.56,801580
4-Jan-10,222.32,225.30,221.58,223.96,863164
